p2h,distribution
0,0.08075006683706676,0.09252137060932267,-0.12974818572662264,-0.07389416044226417,-0.1535558220388984,-0.0668231014840953,-0.1036674265732232,-0.22799109613282617,0.009565477166502058,0.013928668426574687
1,0.07136967758527624,0.0945056763046157,-0.13231816555656195,-0.16579597979641833,-0.07412678952195267,0.10348416576634456,-0.2091781430619089,0.01332977172048102,-0.21782134653251606,-0.02552096896332392
2,0.03807970900692598,0.10112307103381053,-0.03137377980848663,-0.1307971052758283,-0.12301209086595018,0.2680658120309679,0.013035054781579875,-0.02750243940467779,-0.16501097657848346,-0.06443091409358967
3,0.06189945458967151,0.09845515787896517,-0.232907380472873,-0.20203291707056387,-0.10789060899676656,0.256367183093497,-0.1207482960979728,0.031064749928047482,-0.2840154402782524,-0.11672756956928404
4,0.05893802188777417,0.10867594937193742,-0.18792814284594103,-0.30854387199892097,-0.20310959151752467,0.22831674944365166,-0.010979168368718439,-0.036097975103447234,-0.1768675721203115,-0.12648887612124257
5,0.06971386738209409,0.1201917752692127,-0.14204026545217768,-0.27833710496845193,-0.1326612705760933,0.17188507844280387,0.016093697277131974,0.035937488075656915,-0.3255396070169521,-0.4016071648092283
6,0.030770096655964373,0.12392531863992032,-0.1411161817894232,-0.39211344927644987,-0.24017351804143727,0.39424928123948894,-0.047177373266777414,-0.010791776095380762,-0.04337986341650582,-0.3996537155648478
7,0.03655102740994449,0.13453434130515002,-0.2654505136701888,-0.24849919940664092,-0.12999574865741934,0.4455721272056017,-0.09780222460480335,0.03216971126509992,-0.21238872342566428,-0.4246035964911677
8,0.023889782146219802,0.14083840370659437,-0.14665302110205305,-0.2956505509208471,-0.22823423173891896,0.5402989551064195,0.017607932788883746,0.036801745323341704,-0.09739343481563052,-0.3191123940685747
9,0.011055027830274414,0.1352215260618741,-0.15234100698189773,-0.23767624884907343,-0.30105083044332315,0.5334291298919113,-0.18438747057750143,0.06620034663750043,-0.1301942511406393,-0.27882735586118695
10,0.010391348369196035,0.1683088077597202,-0.21894384057395372,-0.22821829201192048,-0.4894011682941423,0.9054545570405188,-0.21632833313485028,0.03244760173230737,-0.08115142333609648,-0.3076737832093571
11,0.009003768809776973,0.19919491622645083,0.01846446954125114,-0.06865929070804783,-0.3404056230426823,0.6402968723920645,-0.31747390599299746,-0.023927199506151603,0.20725990139820577,-0.19356427015121558
12,0.0063982293660756,0.20705407190636205,-0.0919877928004693,-0.22260053102131638,-0.2659285931188969,0.4819942523915455,-0.43800796063072023,-0.22931607036675727,0.36175084977038147,-0.2570926186844307
13,0.004956071042252697,0.2041654764567654,-0.018937202566845807,-0.7136660202979588,-0.2889540798194707,0.7988977661564032,-0.23684458682439247,0.1311323177367889,0.01436525833853293,-0.339827239715763
14,0.01153599122616308,0.17999047278488461,-0.33406905198809483,-0.1332896048227234,-0.6317425472591238,0.771282015192396,-0.1552206400424282,-0.06679855907714645,-0.011850040391862222,-0.41545264951258043
15,0.0043592642556830674,0.18070786842179087,-0.0692835479742563,-0.32063387345071054,-0.4627209600439388,0.3689683978955023,-0.41797622585589306,-0.192098560322096,0.1258826736732388,-0.48609283732980113
16,0.009202861694567951,0.1885101626304864,-0.2539374569283641,-0.35212276314443086,-0.332898338818589,0.6367020670184523,-0.49520312068473915,0.01140051851750544,0.0801756206835451,-0.4352089625313177
17,0.011201085795240134,0.1800253342100125,-0.0724817857245108,-0.13371565699726562,-0.46992065258183646,0.4531137172940435,-0.5803110897890309,-0.15407264575476404,0.2407208537377042,-0.3939976121482411
18,0.006918750189011553,0.21499726272116207,-0.08349931255438722,-0.27181061850296073,-0.5730027097134183,0.5508017509762728,-0.1615157049384023,0.021802903809016012,0.47171486861476086,-0.3879222506040001
19,0.010472705873153177,0.2784163263162578,-0.009925850509389045,-0.11451908272874714,-0.7995931669756224,0.960372429717725,-0.04201625644903148,0.3076870235811911,0.6886578884480936,-0.4899667289440172
20,0.013527660231872185,0.2673861224835041,-0.26844951980107656,-0.22573361718812662,-0.6797841642147864,0.640762255031902,-0.05414700876155566,0.12752634519981487,0.20044429595802388,-0.1673777955819224
21,0.014598590179046933,0.25199519016917865,-0.017847240062984604,-0.4558080978583733,-0.6390768985256127,0.7606235030735178,-0.20060703962756832,-0.17295856536454685,0.31686195075797385,-0.2983048838302366
22,0.00496655039949156,0.22932759030115213,-0.10526511491818638,-0.42958945370518176,-0.7011659359006744,0.39340294735253517,-0.457067900938393,-0.005889523345102524,0.47204382571314707,-0.7854292024854442
23,0.004399695859992371,0.22438005538717806,-0.08628376177021813,-0.276641025906742,-0.37075634817028713,0.6734216828141478,-0.4509193107290538,0.34820676527033306,0.03012602659819713,-0.7851992841468406
24,0.005775090290438921,0.23815746276431538,-0.009516706390521962,-0.46743012035284065,-0.5269952132659774,1.0272244293627124,-0.09736100407276924,0.41347706810088825,0.13308185325565858,-0.8147663307764489
25,0.009023744639638042,0.20896864527080722,-0.13964823975369844,-0.39382539325972454,-0.8282209199872854,0.8590059467139785,-0.08692983552850148,0.07274776973026637,0.3784278514902132,-0.6580371812712518
26,0.00548588104355789,0.1963998035166137,-0.0003829867445478141,-0.3973382622276677,-0.7076530139487426,0.161184186916713,-0.41187755553195404,-0.027946839651921504,0.6208033516998632,-0.7966251321615728
27,0.005391311919129113,0.20519641255957496,-0.26424634372364997,-0.7545255177919016,-0.7316754435725917,0.6417771102841549,-0.40723579488044703,0.0760854449356281,0.35848845455482203,-0.9635347136929215
28,0.007312573002755678,0.21452657196483957,-0.2568121290409581,-0.7194380378104686,-0.8280490631723464,0.8340404556467033,-0.2194205887861889,0.10773658633482525,0.5952215664078178,-0.7500089271222353
29,0.003345061582807898,0.18892122245106732,-0.11098069174950981,-0.6764694673217314,-0.6873457950161913,0.5272723295032289,-0.33716977414832194,0.165705948366349,0.6291823052627465,-0.9516918848102335
30,0.006688171317421232,0.17758310176475608,-0.2768944960634338,-0.726457580910421,-0.831333656426924,0.2195644500899938,-0.651548422292487,-0.17504811276278803,0.6804044523847403,-0.7197140992086637
31,0.0038063219362286845,0.169466527361435,-0.1597208748906,-0.6596448683883068,-0.7503758171036371,0.7207222116804068,-0.20970190168002278,0.30800846937387005,0.4563637554276385,-0.8988573182055986
32,0.006442609465347044,0.17334646446155486,-0.328159765440699,-0.8513691734022691,-0.7998582936435598,0.7755371533262737,-0.4488351963087181,0.2088093351616322,0.3914152551660887,-1.0142338954185406
33,0.0037648311514468383,0.17545080443180439,-0.20630123759890398,-0.8135670536736473,-0.7082257187692504,0.6565672438304408,-0.3603248300902048,0.1889104931026024,0.46600775388019716,-0.985702886095566
34,0.0035446601007507236,0.17109342989462767,-0.22479001718317088,-0.8966343051900005,-0.7539880606597498,0.5726464018128841,-0.4272609011098697,0.167807589688226,0.5188000969818065,-1.1571374994807402
35,0.0030494086225040093,0.15631759591390543,-0.1523042404476344,-0.8305457165049942,-0.6561710415865202,0.8100582181734319,-0.2909274570899929,0.5394524669665168,0.568356365638181,-1.11941958314653
36,0.0035105860523367742,0.1421384697536716,-0.1414704902727703,-0.8608681278513016,-0.6859251155176863,0.6920390638631759,-0.41253093670626184,0.24341293124047902,0.29067262846119546,-0.9317739289167821
37,0.002913498997615788,0.1300512810989355,-0.14943166808787847,-0.843616870398143,-0.7046414644900523,0.9301609927402847,-0.2366994101781763,0.42138032469146613,0.45529865990220003,-1.2280337043625302
38,0.0028264644698505308,0.12505594960428026,-0.17659113275450572,-0.7690005394859616,-0.6325214273356561,0.7360908635286386,-0.3537041605142532,0.3539804109973025,0.39703955210202757,-1.1643530757502005
39,0.003562880918024922,0.1236697014400602,-0.15717865566626224,-0.7904292328721619,-0.7276530609427105,0.6721121105761162,-0.22862441868998443,0.2283056393843953,0.4568538625114711,-1.1484379816950905
40,0.0031041325554283018,0.12125498821394215,-0.14955138518320774,-0.7282073911304479,-0.5999291570935561,0.8636117700121417,-0.2803937290373475,0.38447887777442835,0.5486451549559568,-1.2196256974837487
41,0.003221452721029398,0.10714949940511527,-0.062371610343931294,-0.7529757532132468,-0.7070202492147443,0.5687166223950499,-0.35069431556797936,0.2730865447700677,0.5555945420179923,-1.081120170750835
42,0.0027643647203976227,0.10587277110076794,-0.13393876443899608,-0.7028302918413336,-0.7025321663514642,0.5764640306198116,-0.3364866900533043,0.2552862000792317,0.4122687439109781,-1.0067179823057417
43,0.002498665944266568,0.10089614454924979,-0.17167278058302474,-0.8054859722973415,-0.7663765397147461,0.4727001257506001,-0.46469321036167527,0.13524223191149942,0.4430754666424888,-1.1907550681053551
44,0.002548096000470703,0.10210643332931597,-0.14778749706583794,-0.7667024008788285,-0.7558680955161682,0.45777967013914367,-0.4282896449530306,0.15604206000445653,0.4630085390942391,-1.1577786772742142
45,0.0022815194049773434,0.13764867106083956,-0.14629170000858716,-1.0043668127075969,-0.7367581098350685,0.7878113144727792,-0.304199772682889,0.3564529467243125,0.518267065828984,-1.346067136715461
46,0.0023560252221130717,0.17288804977587777,-0.172161968680843,-0.9743885262707404,-0.7572594671013086,0.7132202858190273,-0.34491376712491123,0.33054215807490217,0.5867726490893227,-1.4232081094602003
47,0.003487824651965647,0.173366743724087,-0.1910103931064661,-0.9185539600331337,-0.6509675639335585,0.660618448208926,-0.37424971512993194,0.35665778858650243,0.37716847755609706,-1.480885038001213
48,0.002681212430849465,0.15850063441548273,-0.240873266593678,-0.975159434399052,-0.7766470657585618,0.7370527445817068,-0.4723887032244583,0.40364076043771857,0.46926454843239995,-1.658683748142807
49,0.002907461370607993,0.1614354784150821,-0.19044406024505284,-0.7055818045521242,-0.6892269476421962,0.6528378756661939,-0.3505082280657923,0.42108054534741335,0.4940800575564855,-1.521377728817424
50,0.0024126146477101073,0.16863033601493704,-0.10887299705218091,-0.7781522654511649,-0.6407938556084044,0.7515994595801229,-0.3817799267630615,0.5484061668150095,0.48938311219085173,-1.633594363989148
51,0.0020754110342294423,0.15998321074469546,-0.15710443936329826,-0.7952914264162092,-0.7164067634201632,0.8436727342839379,-0.27861078316819743,0.5368859440907544,0.3896029094425515,-1.358839137803356
52,0.002115387757212948,0.1552266656616452,-0.23495468355462013,-1.0881820571259204,-0.8186928826734795,1.1079574598998208,-0.2607512067814151,0.466499215726528,0.5803561605071281,-1.6310799998349201
53,0.0022670918716270203,0.15464300148949892,-0.163627943527765,-0.7744591826399968,-0.6512982313597505,0.9281924446712438,-0.3882453157073972,0.5386706674290962,0.3644672620540014,-1.3742614519795577
54,0.0017971720371318229,0.15164080990540374,-0.16167040619662307,-0.983323935801412,-0.7076791841013232,0.8773765471369419,-0.33463473329147825,0.5160138733961497,0.4242923461486184,-1.542461886595893
55,0.0022100913235107,0.14489062218195045,-0.19284627295198686,-1.0289534003523073,-0.8011731625831428,0.6228081137113323,-0.4200537654560761,0.43616409650299925,0.30889556533757734,-1.5431009769725819
56,0.0017637965376586786,0.12933127692156413,-0.18028594665185882,-0.8695093421040988,-0.7159268856331367,0.7907496123767546,-0.3180709918954264,0.5091530977214188,0.2090640230749906,-1.4130786697880389
57,0.0017299592233364072,0.1227245218223194,-0.2200029674525018,-0.8543213018452407,-0.713540950068786,0.6968300123777631,-0.4549672494984446,0.508814108600933,0.27599012741617157,-1.4864532934676695
58,0.0015155466026761618,0.12739194546563343,-0.21837125667665375,-0.9708768707840687,-0.7640277264855417,0.7765436586207206,-0.45189235446140047,0.5235204876391423,0.3846658578913478,-1.5722780933051141
59,0.0015010750699310344,0.13417530266287594,-0.2475074415134948,-1.0394687822486657,-0.7380561769935117,0.6975716242325345,-0.558086477920544,0.44709804868344494,0.4207946890313323,-1.648230435502202
60,0.0015493796084897098,0.14049352828600475,-0.26301473006929227,-0.9246140456156013,-0.8246561423591627,0.5971548367341346,-0.58504376436218,0.18284904688672393,0.5437784296938889,-1.4926200806545178
61,0.0014444057969091473,0.13156049866600175,-0.21690846287018248,-0.8117232530718264,-0.6911284956192838,0.7150378996431999,-0.49455057939696784,0.5299486120077561,0.16692183578915787,-1.5620490925495916
62,0.0015204110883980534,0.12379932986667555,-0.26955343540384363,-1.0234320495946942,-0.799372720411408,0.7139993684274724,-0.47823138292947087,0.34176589965083715,0.40617699809413205,-1.6584009224809055
63,0.0018299889403914295,0.12322626654610928,-0.20852704675361416,-0.8275792748079138,-0.7160857811503477,0.7235733733501317,-0.41935659950117626,0.247743434718803,0.438406267936969,-1.393015047508784
64,0.0011977694799491776,0.12393111642083174,-0.2528008339662626,-0.8309863103841146,-0.7915850974496951,0.4768036411139366,-0.5916938931811845,0.26369764354487807,0.17244281773519496,-1.413865779877914
65,0.0013973768327944554,0.12105350991615386,-0.26553528907547025,-0.9110470802860855,-0.8199199700074027,0.5808629706463052,-0.5669305387885687,0.2345940098461728,0.3724248971397619,-1.479775283737999
66,0.001290898690334105,0.11458003754574987,-0.2268853703023464,-0.8739840523570825,-0.7519628621847019,0.5476201468881089,-0.5704602878202605,0.19815733746713804,0.31254353287581094,-1.2820632818874127
67,0.0014350628077599381,0.11208248430092077,-0.21721622806838048,-1.0279763763976484,-0.8490502572856022,0.6391055478450085,-0.4596531807602305,0.3079053027111286,0.39803994859848335,-1.48536097231709
68,0.001613309160140255,0.1288594464216515,-0.21440482091606172,-1.206331243079729,-0.8492155016279982,0.741320219561475,-0.4665272295798665,0.24625930120098682,0.5426178254559185,-1.6470859711045562
69,0.0013592481613686938,0.12262295744711933,-0.22664104152145287,-0.98284254367845,-0.7888145387457943,0.6199125692531203,-0.4865605453742935,0.21661249347423472,0.26031837240527694,-1.3635059235671436
70,0.001918842501560164,0.11437425778209298,-0.2217980256222816,-0.9226329546235357,-0.7430015862143557,0.5452072973993124,-0.5318281661227938,0.2488430200947994,0.4213544374651821,-1.4628378580535637
71,0.0011182418906365336,0.10854007237112862,-0.21120394062871367,-1.0696841819551937,-0.7929590965017347,0.5769516708540484,-0.513615581804824,0.17335923152811383,0.4226620038891985,-1.4984613690159074
72,0.0013127990609598506,0.09726244157409261,-0.21451377476340985,-0.8732665320824669,-0.7499203859777664,0.6243809026271452,-0.471806649687065,0.26275402680849347,0.3120730499021721,-1.510207428437332
73,0.001421920431271526,0.10106971236154025,-0.22442407139155265,-0.9230741691143554,-0.8281377021197873,0.6177648331414773,-0.46209070743456554,0.24499947741207595,0.26228078621197615,-1.4141789394607578
74,0.0015312496128450817,0.09948543356376952,-0.1930682586032833,-0.990789046178595,-0.8129282485656961,0.6616347636733559,-0.40047797244719757,0.2298233733167055,0.3187595469294691,-1.4574382261131014
75,0.00157535230535499,0.0949374128972857,-0.22610089480074153,-0.929277125822333,-0.7800324232491384,0.738006071910834,-0.41704140072929213,0.3901864367922157,0.2676433630361619,-1.4316551973265608
76,0.0014407830349960843,0.08371841903422428,-0.18472857583979385,-0.9562530916360286,-0.7961466742825617,0.5974208246778895,-0.4548258499233246,0.27427204072019584,0.2780620881680157,-1.4334782318432389
77,0.0014476226920350464,0.08124856835465483,-0.17420147107128264,-0.9899604729061272,-0.7488663560317033,0.6900308549006721,-0.42854922981647203,0.3552727419799415,0.3724189606276721,-1.5194057638597809
78,0.001394002149587408,0.07729029609451225,-0.21891120389350577,-0.9333711331052614,-0.7735487910811012,0.5841795169651666,-0.5012469815654048,0.3127041014127981,0.33444333061338655,-1.48368244023278
79,0.0015080492421419038,0.0738031521757451,-0.18965513823558292,-0.8708289650723382,-0.7992882705437261,0.5456403336640502,-0.43984614308315406,0.27046984206465013,0.3343566831502751,-1.4444847073735476
80,0.001322464475082587,0.07180099962936418,-0.20978510643498127,-0.846136661708466,-0.7680855410383439,0.5720994258344548,-0.46604915983475115,0.28614462454581624,0.28221691693919465,-1.4087818204864133
81,0.0014465576890618328,0.06846996214710681,-0.21652521827162732,-0.9161713039205203,-0.7998590896041746,0.6610746196374618,-0.40453580196220934,0.3291231901441554,0.3291866423457222,-1.4579028868439377
82,0.0014547778424179182,0.06560008113970271,-0.21913761162158094,-0.9227289846472059,-0.8005852879973165,0.6993492364457902,-0.39623752935094547,0.3826958031053056,0.3312996243788776,-1.5343217245839615
83,0.0015477535421903597,0.06563044367222391,-0.22637302574701862,-0.8855253265746218,-0.7478352150367715,0.634404897987289,-0.4673242907636704,0.28309394379898184,0.4062178987008977,-1.4646190665670895
84,0.0014686944610011051,0.06438431633131146,-0.2263096981953815,-0.9793288752419967,-0.798386890768112,0.6930875448333584,-0.43512837895414946,0.3020594188392813,0.3726609742736449,-1.487617382441071
85,0.0013777361831872317,0.06850577385940712,-0.20711596467809132,-1.0772939152996308,-0.7843278906436284,0.743709537535898,-0.41261221842600404,0.3210969170887549,0.5184965153998129,-1.5927278744972293
86,0.0014036626764826962,0.07734393982487796,-0.2582814414632179,-1.0495087882650236,-0.7939407143674373,0.7285407101639869,-0.4745614478276286,0.33443412749457413,0.3741866626873436,-1.552748714793884
87,0.0011540244596487414,0.08610436744567249,-0.22892879209096006,-1.056635708915058,-0.8035032669536033,0.6476430680910366,-0.48200706835416757,0.30526925207426137,0.364276497570911,-1.567243085671634
88,0.0013837478046941428,0.0992320138521761,-0.21723931649232692,-1.2220346225193042,-0.8632016658185266,0.6519190190182591,-0.5067927409872099,0.24492951188964457,0.38938006422720395,-1.6275460624806992
89,0.001385514745742164,0.10264047300640049,-0.2319021903624282,-1.0775516064692987,-0.775152163129183,0.7705170046283641,-0.471266018935988,0.4126755226262231,0.386331687839785,-1.6224962142853636
90,0.0015865106920514753,0.1014959807624228,-0.2542464862172916,-1.1224454162263602,-0.8468555934125073,0.7649981546528697,-0.45941927477869815,0.36562406359435323,0.4284240685402728,-1.6054378806625567
91,0.0015553008129222169,0.10738436211719345,-0.2428016719592559,-1.0880547971648498,-0.799009574446158,0.8254891998354672,-0.40245948989119384,0.46487172844660496,0.5224614773001063,-1.6961826958047452
92,0.001533750691891225,0.10571772927142821,-0.26513280041881837,-1.3512848794105312,-0.903594251597852,0.7043404155073274,-0.5619612800750247,0.28446882153824815,0.4660408084937758,-1.7226248030433142
93,0.0013341873838164896,0.08919695877231457,-0.2316354851872005,-1.2892207395592086,-0.8319003900922486,0.8572688482097682,-0.4069402433608367,0.47953199617029074,0.5114617036799353,-1.7828859344474384
94,0.0014399786501059155,0.08168085230768707,-0.2675456030267243,-1.1910601242030066,-0.823753520406523,0.760529329237772,-0.523571204792478,0.42325340369903347,0.34459994858769394,-1.7325979749052736
95,0.0015203966312030562,0.08143183550124569,-0.21074335256198856,-1.2397447817580325,-0.8147833131070392,0.8800682463208155,-0.3619335647018477,0.3864177716738471,0.4887593840488541,-1.650619937743896
96,0.0013487400986452798,0.0831289708468431,-0.258340709669386,-1.178556798073571,-0.8262478780729073,0.7436637060216074,-0.5022697567792631,0.33480981533800974,0.45781223071128246,-1.6701693250353646
97,0.001343113253314441,0.07963160646336709,-0.23393379773878178,-1.1871743439675586,-0.7948257370433602,0.8301466132773151,-0.43648170249337337,0.43020061353589084,0.5008287567044889,-1.7201107505568571
98,0.0013000917279068205,0.07606825436764589,-0.22953574038463526,-1.0879453024633357,-0.8033877980376343,0.7071843865121794,-0.46137153572048967,0.32619613325055075,0.40986985116828006,-1.5600488787512963
99,0.0013350277808343678,0.07676885990764012,-0.27474885722792436,-1.2089216622500032,-0.811767923820511,0.740544067053969,-0.49827899792512037,0.3488864845488835,0.46265962048036496,-1.7043882179950327
100,0.0012741658468936792,0.07383290208801843,-0.2681686399968969,-1.2769474883628866,-0.8254095820910389,0.8098562157556785,-0.4445585368109351,0.2961298006430862,0.4870218812811213,-1.6614443556627199
101,0.0013878201322750465,0.07379556839662227,-0.26724708823965265,-1.220486024291343,-0.8262731508925389,0.8399227410866297,-0.4371873376162967,0.3835727440247599,0.42744897202380056,-1.675586189487157
102,0.0013786831178904569,0.06676286736181077,-0.25296181578583105,-1.1475424569261659,-0.8193977759863318,0.7843443399787192,-0.4364717470256884,0.34713999073303975,0.5012680219474478,-1.627371211381532
103,0.0013116750330303814,0.061747242658709726,-0.2563678470057104,-1.270489238332805,-0.8215202318200373,0.832691257324794,-0.4112474551104075,0.34067297175484074,0.5251394239231553,-1.662550613786004
104,0.0011681453542538623,0.061208291814802404,-0.29945977320157346,-1.1731090710008685,-0.8421604423446861,0.7469014078282228,-0.47770009240433475,0.34060244168724774,0.47644262110192853,-1.6517868852703574
105,0.0012501473878374597,0.06000606874801911,-0.2921887588957796,-1.3192427218791853,-0.844585109998542,0.8208228867141949,-0.4802370601212754,0.33339661265518156,0.5255108055357838,-1.7127869881461282
106,0.0014084236891809174,0.05799600106516213,-0.30348305714436874,-1.2219280242071306,-0.8774559453489602,0.710813800577762,-0.5473709695729726,0.3038448285684271,0.4913509950132567,-1.6691535391877108
107,0.0012225308710941893,0.06018409664282669,-0.30778995823368044,-1.254215234911257,-0.8741783811677558,0.7189946968284523,-0.5256954561516796,0.2912775680806617,0.4937112322513831,-1.6502010445361537
108,0.0011467576289125503,0.06839860071604449,-0.33067758820340926,-1.3059203331067541,-0.9033480573476459,0.7217136204323983,-0.5396592212758534,0.3161836577456502,0.5276627123366517,-1.713901145700726
109,0.0011595185855133028,0.06535650547511669,-0.30711936067159157,-1.2764965010386866,-0.8743917469413705,0.7527155993418083,-0.5091707061309115,0.3408475972398507,0.5111457705847315,-1.6899609865664724
110,0.001472087787238469,0.06668494212781707,-0.272303252772539,-1.2990790189168777,-0.8790927984362721,0.6990284295606295,-0.5243480717396914,0.3051540645404908,0.4497414644555834,-1.672933640383849
111,0.0012353674406695402,0.06327790276839518,-0.27876603283406237,-1.2677665104465288,-0.8345681993467198,0.7601212320292294,-0.49811289751254423,0.3376934767233335,0.45615549080509527,-1.6682216553872964
112,0.0014835924439069986,0.05696749239767745,-0.2726749684534887,-1.2459372912903768,-0.882091484553214,0.6744841807524562,-0.5298058259879797,0.2823703061947918,0.4570985405518466,-1.6365177263601174
113,0.001332056779008701,0.05584186559343941,-0.27585765234893206,-1.2904753575537473,-0.8722851333285762,0.6939923391187144,-0.5232563380247286,0.31077040067807143,0.4859675696563329,-1.6723744309643032
114,0.0013243098052552304,0.057510846521258395,-0.2588289402548657,-1.236331344050301,-0.8441452389492123,0.673504707106953,-0.5151312166898829,0.305776653699885,0.46969983627302797,-1.6392473698512422
115,0.0012049467640825972,0.06145217388187975,-0.3084241494734168,-1.3138638569604992,-0.8867313868494209,0.7512463644496783,-0.5097110837212784,0.3261451283290444,0.5097787628032258,-1.7055192172597755
116,0.0010026649443253674,0.06721092292136649,-0.32340627783787235,-1.3229262434330271,-0.8672022118206306,0.6440852190793364,-0.6164565932320596,0.233099761821627,0.5290930606074914,-1.6643308933117373
117,0.0011740565757044112,0.07226240669501342,-0.29290806003192815,-1.2672868008449958,-0.8675039134745467,0.6271257161810073,-0.6058285174884552,0.2897379204012079,0.490890415938088,-1.6970415813612678
118,0.001012537604467372,0.07824186109563133,-0.32751448744186795,-1.304026956059175,-0.8681319435042683,0.609971491047586,-0.6446619643871465,0.25569595558956804,0.5015839999942467,-1.7023470958294453
119,0.001017695306144822,0.08886160883673562,-0.3489695534640387,-1.1081628919485076,-0.8758780495412936,0.6049971654438273,-0.5884893992129545,0.28551705813017025,0.4566482805074173,-1.583749951669526
120,0.0010975956318912824,0.09488633193159493,-0.3237723843304968,-1.2818703371908682,-0.901562911955627,0.7003125751638984,-0.5416782297604551,0.330978113383316,0.47248353491950595,-1.7010363645677862
121,0.001123563827746849,0.11402530296096255,-0.30711452536425166,-1.1582226783586957,-0.9085156337761826,0.6115889050304646,-0.5465455427882652,0.3189594334601953,0.41085342734708774,-1.5626059221908484
122,0.001012847210946507,0.12242771866862542,-0.37240500220552053,-1.346415807673322,-0.9329287587614777,0.6656974945496922,-0.5704172154010971,0.28974546357395875,0.4575035792638569,-1.6716486754753392
123,0.0010626540907961051,0.12541791822464113,-0.3115476287161781,-1.0924979915199333,-0.8942695617908681,0.6199530662808167,-0.5565110112269516,0.3613420247192409,0.38298568751265893,-1.596012764219326
124,0.001003649217711241,0.13741712394472924,-0.39525660704287546,-1.0951117230839926,-0.9499878892638274,0.6323498578752675,-0.5540280321651148,0.3380285599450535,0.41939524564568725,-1.52347505262757
125,0.0010079512359659113,0.13584825053895144,-0.35731083559270205,-1.1898943843631056,-0.9767459200584444,0.5252377254744472,-0.599564209092176,0.25763303858205544,0.2978883687073881,-1.4742303343753471
126,0.0010084375495589932,0.12935395787651113,-0.3615223944342856,-1.1368333910442392,-0.9929067410130903,0.6464397726221262,-0.5054709858656075,0.412660704262657,0.3378473304416888,-1.5973665303767894
127,0.0009580374456358961,0.11448862345259905,-0.37806163724251574,-1.1364170454573672,-0.938955246948848,0.5782455606321983,-0.5887519674234216,0.24983675255549864,0.39319244434628564,-1.50960848140691
128,0.0009561614055600789,0.11482721438701496,-0.3693625013009432,-1.1426835672116322,-0.9411452998287091,0.5703076980938991,-0.6004347715723368,0.297788444331103,0.34255856773968313,-1.524743024971821
129,0.0009707371395169506,0.12741854169068584,-0.3363670692745059,-1.1289289252887906,-0.9506210313021659,0.5795223573623924,-0.5612953177458782,0.3866167693679375,0.21048409815261432,-1.5478342161835859
130,0.0009254452916134318,0.13275261662219717,-0.36241830602880554,-1.0911946821831666,-0.9210384135426761,0.637839104824647,-0.5428798506843775,0.3992932539065936,0.21586433477866776,-1.5319186021342364
131,0.0008114141622662142,0.14702971842503718,-0.38256543577757146,-1.0653258416953044,-0.9356707639709454,0.5212570485064182,-0.6091922510551563,0.37877032991183984,0.09586553016429317,-1.4971229629237721
132,0.000940023056450387,0.15706145769780022,-0.4316452723102746,-1.0883795562896221,-1.0039646111213596,0.4867947862226902,-0.6302917710483493,0.3624888354849241,0.058024532545071394,-1.4418669553226358
133,0.000977034894869977,0.15903772282946424,-0.4005394021854385,-1.0707206413215786,-0.9446062739247253,0.6069268287196492,-0.5302674175428931,0.4236458465747711,0.12545866417007837,-1.4283812035777286
134,0.0009882131486645624,0.1414175460220228,-0.35196385001001274,-1.2041708174295152,-0.9334200636171918,0.67579721275315,-0.5001200023114974,0.3898982940288134,0.265574280899584,-1.5667342284743597
135,0.0007750254866395599,0.15959622835598128,-0.41974668659383074,-1.0800911675638216,-1.0634781236104838,0.4940007163511258,-0.5911558276173916,0.4118001813440605,0.018897011239426997,-1.4128036836230404
136,0.0009922464008113557,0.16342297916944964,-0.41134080840713055,-1.0400943707172097,-1.0116056809322826,0.5285152350675236,-0.5478803481683798,0.4215591121769864,0.029242574864033366,-1.3833502634174568
137,0.000791763654775992,0.1623522036169175,-0.4215218310311204,-1.2819920515461114,-1.0145125407160882,0.6610074768059653,-0.5042859988473956,0.44911722037383706,0.07354009103072551,-1.5420020975124828
138,0.0010141317161046774,0.13907986607530032,-0.46323856584451256,-1.0912994054123666,-0.9952181822145966,0.5295143201160486,-0.6430134465335372,0.35208158381350807,0.1915016624523192,-1.4850570146907047
139,0.000983852732334145,0.13153707180913904,-0.4076082796667534,-1.2340603763600506,-1.0085958030864748,0.5991438730306342,-0.6009752284600018,0.4005890402755048,0.1759319444462224,-1.605351880275557
140,0.0009004250571592483,0.12525020091510236,-0.4245790791076513,-1.1173809704343907,-0.9685037901397394,0.6513707434356829,-0.5072275571564083,0.4428213479669861,0.1270166809150419,-1.4750568098396086
141,0.0009067655242562602,0.10164021991176916,-0.42266318202204073,-1.1910286519164581,-0.9516565461712333,0.7941095708147587,-0.43766704357331676,0.5135196633124404,0.1190056728645921,-1.5497193363911077
142,0.0008856164824764179,0.08521719601482469,-0.3936785900923004,-1.1436320852603963,-0.9646899628592027,0.6128248104751486,-0.5295351970017222,0.40283465703877497,0.15383353995625731,-1.5105513890706548
143,0.0008366141566429041,0.07629408980942289,-0.41092136148356956,-1.1380289253281535,-0.9668750994729068,0.6015093033023475,-0.5715392863708596,0.4138413999222815,0.1379864965546596,-1.520565299861122
144,0.0008593373051342483,0.07367333227832765,-0.41822351705362615,-1.12724698471465,-0.9465074598004258,0.6478304640341074,-0.5368929478498286,0.43341218079958155,0.14460039338871292,-1.5163819949487294
145,0.0009056037559523184,0.07879246687617272,-0.44484747569999095,-1.0754016925198124,-0.9486001470864839,0.6419799517954163,-0.5463172708365112,0.4423098156370317,0.11412119402576079,-1.4879842632770077
146,0.0008804444354103933,0.08671557341690093,-0.432409235941352,-1.1446124066674654,-0.9528968458880285,0.678790413626222,-0.546736110322213,0.48328732407333,0.14490036901678083,-1.5503530974148938
147,0.0008519010425159322,0.10562616442532213,-0.4270712777197356,-0.9953549624592813,-0.968117831607315,0.5259333301962407,-0.5971138593452407,0.4633997661314602,0.02233664174403427,-1.4501952279531611
148,0.00082217742604623,0.10496999732944674,-0.4423160272687178,-1.0271114227025744,-0.964559246222394,0.5702205510588365,-0.5832105597340521,0.4722556020422317,0.0009032457388051945,-1.4471962162254703
149,0.0008418005528824237,0.10195043900071447,-0.4146893931852658,-1.0868896695319006,-0.933300355025963,0.591594859859219,-0.5804808245760584,0.4384601512654516,0.08329756207199585,-1.5174533956482406
150,0.004037603923553809,0.09104405888064639,-0.44021934799844864,-0.998033138327586,-0.9834476119712675,0.4842075869950586,-0.6369849270888863,0.42203569861123075,0.05004404680792223,-1.4470779564113136
151,0.0046535721401817845,0.07999681122768701,-0.43549461492257047,-1.0900342533406695,-0.9644486092669154,0.5740548491908193,-0.5880630223810411,0.42866819770573195,0.07242337791716841,-1.5019690229224056
152,0.004101980302793515,0.08112221598842663,-0.43659246899164134,-0.9620530403708778,-0.958384545647332,0.4896523449046555,-0.6236577127623749,0.44330129722901224,-0.019733215490301978,-1.443333281414638
153,0.0038596890589171944,0.08609029077758189,-0.47955512100545405,-0.9362823326776046,-0.9950541604850147,0.4295584053068977,-0.6600847718540955,0.4632139926450618,-0.05994767360810328,-1.4100462499592086
154,0.0031163555735315577,0.09397957681075313,-0.4394095677025643,-1.0141842436788955,-0.9819042938276132,0.38077986666822894,-0.7119293812958236,0.3450815741021851,0.10982427209018848,-1.447320768227446
155,0.0033588288550318755,0.10795901859149383,-0.4410831654095791,-1.0090968372923619,-0.9906101544562329,0.37595691936864123,-0.726581883158307,0.3217829043456389,0.1313344616875984,-1.4473923170737926
156,0.0032405975509139117,0.1028855738368102,-0.4337672779613691,-1.0024990033040513,-1.0237575367903278,0.41020588271114605,-0.6819583873046198,0.40508444960128853,-0.049636170296762205,-1.433918538080943
157,0.002972788605508662,0.08802038226851547,-0.426307029911544,-0.9323503326970703,-0.9890783042462421,0.3589170132357727,-0.6963619278372583,0.37710861683371044,0.03123998386875777,-1.3868193209372706
158,0.0034973276951789176,0.08425785820220054,-0.4220826835415367,-0.8796096217255749,-0.9652873708216727,0.4312576827543569,-0.6443498853214777,0.45365247417706855,-0.06275533889359734,-1.40883996512969
159,0.003267711096745722,0.0868012266818826,-0.43178636910234414,-1.003489588780564,-1.0050338280447986,0.37218850678185494,-0.7241631195278586,0.3309752790802102,0.06242133454067969,-1.4495028354617319
160,0.002902607236242005,0.08799008020497898,-0.38063410747213444,-0.9481386008086556,-0.9960953013138264,0.3954933801839001,-0.6582272454008676,0.3599724099704108,0.028405381197669836,-1.4185439192992033
161,0.0029108225947155723,0.09424775356135441,-0.41467337210707594,-0.9106681350804532,-1.00924904981314,0.28558092518995354,-0.7343692649449766,0.301555889352185,0.07273785933249848,-1.3666714105606925
162,0.0029341269988197322,0.0914795170092032,-0.4048470092042539,-0.8914014086913032,-0.9877589446595663,0.3518445389952055,-0.6692909016272995,0.3613044845622004,0.035048575272237675,-1.3803307695128442
163,0.002647489859499488,0.08874483239327853,-0.42016881207680706,-0.9001580695135828,-0.9983813139794206,0.3005070897363442,-0.7440808890679289,0.35196066176859714,-0.014814687578756801,-1.3674137525092045
164,0.0024829041246227966,0.0853845271934192,-0.4125781525115936,-0.8156141137721581,-1.0144163740939662,0.2763976706761908,-0.7234815764251572,0.3903774449107606,-0.09029409369352849,-1.3375126319073716
165,0.0026627602418333243,0.08224041849302041,-0.40231097625477175,-0.8106917758767511,-0.9873418099187976,0.28418010171720676,-0.7217814377854144,0.3502571433814524,-0.0223191731145944,-1.3362368811219179
166,0.002093476145659973,0.08416017415635525,-0.3660972540082168,-0.897215367340433,-0.9834995488170697,0.29959552434258213,-0.7330505234119695,0.33882552030876784,0.00046802664090444396,-1.4140029577732638
167,0.0022339547821598666,0.084049625244614,-0.34282910695233765,-0.8050907802715473,-0.965403534512346,0.29818970312942866,-0.6726309454339148,0.33903242267918576,0.014182994097415948,-1.3199206215110348
168,0.002092897520506815,0.09422701630458766,-0.35450113712954223,-0.8356417422030471,-0.9645131643487685,0.24161196960630052,-0.7559118917788901,0.31998378924395887,0.00131300920687126,-1.3705231286532065
169,0.0016735920477306194,0.09957383240585428,-0.32399348317150045,-0.7757322682634771,-0.9776589992391649,0.19209516434275065,-0.7814031911538446,0.3162225299629057,-0.013263108557639708,-1.3781142455190678
170,0.0015094672902279736,0.10762029465325823,-0.3371934131585198,-0.8667406841941269,-1.0170460965897894,0.21673651539411423,-0.7780212061981931,0.29714933677315536,-0.0760520179450015,-1.3588185139129225
171,0.0015776935565705264,0.12243374424237446,-0.3302477059995092,-0.8576758540521914,-1.0048167255746483,0.26217452512922296,-0.7303443722150921,0.3629526374970991,-0.15235183199069247,-1.3682760316932938
172,0.0014954582865786175,0.14182409504298382,-0.36843716331233073,-0.9584690157079601,-1.016704077689179,0.24229889237508953,-0.8254982605671844,0.3372376286717562,-0.10454378311513261,-1.4405590775930126
173,0.0012986674889186218,0.1457058604059198,-0.3317909547135067,-0.9023787945271856,-1.0119390398347967,0.2017555313487099,-0.8388367311392847,0.2950002627091325,-0.08657666387873889,-1.414407258318217
174,0.0014346876687487287,0.16163559407788744,-0.3301057901231891,-0.9421697230414431,-0.9784029103543728,0.22892034361963345,-0.8836967490973104,0.28689580953877736,0.04596268053861535,-1.5287221090794425
175,0.0010490214154826741,0.20178616001977315,-0.2843223413463847,-1.0113370089807585,-0.9941741313719837,0.15335914179049245,-0.9654165388221864,0.194466910718611,0.06315006763509295,-1.5949792884288851
176,0.0008995646384189702,0.22824979099233747,-0.27795807792368077,-1.07234499378121,-1.0336221820235796,0.14230938921297318,-0.9812493279036355,0.2116166247375474,0.08786577382606037,-1.635258538965629
177,0.0012924672049508517,0.22256994873681143,-0.2352897777941166,-1.1587956079990942,-0.9917940578014521,0.15043083345499803,-1.0514165414531746,0.16503230673051933,0.14094032016687252,-1.747980055190867
178,0.0011421721690515383,0.2165978967098358,-0.27599454719780403,-1.0088529405679847,-0.9919636980952015,0.1481534044405897,-0.9506083353979135,0.14209952995711728,0.15094978915891064,-1.5374975448164931
179,0.0011975801086644368,0.1862609706776856,-0.2863138850125467,-0.8836465832794071,-0.965903366543523,0.185092588006363,-0.8152753020788416,0.2566943151350972,-0.057981437061292,-1.3932420022654464
180,0.001194464297724253,0.17529282320488165,-0.21899470061168771,-1.071210974437523,-1.0598970187852779,0.05449661116535502,-1.0055666541223252,0.1459731325276209,0.009775695606162201,-1.5854732337388326
181,0.000983892155583472,0.1552215170168213,-0.2948753261697471,-1.0670524569844824,-1.0298323232893678,0.1569511461370239,-0.9481918219704961,0.22151082986128556,0.026670190516589955,-1.6128582382269718
182,0.0009861875539189636,0.1420296787744483,-0.26357283490497857,-0.9119036817953317,-1.0153871858090924,0.09055369420560844,-0.9728622521496653,0.20133889306934827,-0.01161180922708746,-1.5335637502968253
183,0.0009689219580705563,0.12831766576388137,-0.23098070022538056,-0.9513445768678552,-1.0331187120557745,0.09929646325211378,-0.9461329907896052,0.17409984688216887,0.005865934678998484,-1.5291770459998655
184,0.0010629799709359978,0.13862107080256558,-0.2601428438738196,-0.9872839289107662,-1.0432930468710029,0.13274258073678608,-0.9223180323178433,0.15867431100018708,-0.01765883066080285,-1.5167108334333652
185,0.0008821871079885776,0.13534542260046678,-0.26435315579912305,-0.9522623764278291,-1.0628207496102064,0.1038973490968273,-0.9367452884582481,0.18946765208015387,-0.08190054873064034,-1.4956344636799728
186,0.0009942361367157992,0.12438673405080389,-0.23439795330357716,-0.938629023775406,-1.0464950813516694,0.09715557559753003,-0.9219291104772158,0.17279197444093886,-0.07573229725554155,-1.4715337479042025
187,0.0009464647219232697,0.11473015424780111,-0.2530714746570785,-0.9431821195371185,-1.0695053863599788,0.09659250201411991,-0.9251202265625825,0.18397412306828534,-0.10061685273708584,-1.5082033693853902
188,0.0009336733416876542,0.1073755577118807,-0.27802211342880256,-0.8665538640520112,-1.0491879549251735,0.11232331155801306,-0.9027208098485747,0.2168913148867757,-0.06309700439220531,-1.4853668706700545
189,0.0009922596678863366,0.10871034500908063,-0.2554676837301396,-0.9689008720826675,-1.0701516937066475,0.09688814014479498,-0.9552091000958053,0.1819555427659322,-0.09232795237309618,-1.545713323669708
190,0.000971816422434862,0.10635473705158702,-0.23466977974720585,-0.876468837588552,-1.0432805933239502,0.06638674954519963,-0.9316316561899702,0.19413827120657295,-0.09258937139418849,-1.4891350447183136
191,0.001160070005377527,0.0935717024401307,-0.2600067090491765,-0.8750381459307551,-1.0533037942435455,0.05623583427327675,-0.9471942510253394,0.19007516563195564,-0.05975500488138907,-1.4821045530679389
192,0.000931069871322564,0.08696518159953374,-0.2513390464960358,-0.9859775135381841,-1.0547445909720783,0.0988385432941861,-0.965573171655865,0.1886798847950201,-0.07650426173087144,-1.5614460818164464
193,0.0009229961940422091,0.08757849953122948,-0.2500744114776015,-0.9444805440299276,-1.0510187758046228,0.08412841186262807,-0.9639739819536773,0.1535071624048321,-0.019150432718878944,-1.542858889684287
194,0.000992494650795422,0.09204824243835247,-0.26869739856553904,-0.9874189089777321,-1.059589199361142,0.09467952997511735,-0.9853767441398651,0.11679992668031197,0.06945925948751576,-1.5506732867807285
195,0.0009207348042902046,0.08810093080579838,-0.2585428225459544,-0.9287439177960991,-1.0583615443692294,0.09613984478221163,-0.9425156782856963,0.17123631800111389,-0.050646723080108744,-1.5234569121027302
196,0.0009516093226216407,0.07854952931253799,-0.26768021278622445,-0.9125362801671842,-1.0822716983233232,0.05324256480046689,-0.9789365330713325,0.14326777397538715,-0.0644710861490079,-1.5037417264516775
197,0.000967261027038824,0.07536845288882177,-0.23697149969903405,-0.9100264743189732,-1.049750434054238,0.06857364067982535,-0.9588681256209981,0.15842100966597633,-0.043946144148946195,-1.5077480754152273
198,0.0009314018696568512,0.0699862627325798,-0.2565994822857776,-0.9337932623463561,-1.0628156025533022,0.08037369741539523,-0.9622531172392311,0.14058921994713122,0.007712375089672606,-1.5077562115464547
199,0.0009192695163342577,0.0655529531353243,-0.2576985692113602,-0.9799794559295755,-1.071383682688439,0.08130380571806904,-0.989988145172721,0.1266961990365934,0.05816609636721595,-1.5613674992510447
200,0.001430188381855095,0.06516071916552424,-0.2603120196309393,-0.9742741184009288,-1.070320514411963,0.12041076340412513,-0.9350856832151854,0.1483729190590385,-0.007164075699331002,-1.5245143949037814
201,0.0013539459857629763,0.0640526334009311,-0.2738456168341259,-0.975756898943969,-1.0698023505440628,0.12875804951697276,-0.9367884068270523,0.15314098123424266,0.018595619119269647,-1.5399660073886143
202,0.0013665223929834767,0.05964939403856582,-0.2692183691706131,-0.9699656962942926,-1.0533895494809702,0.1359681544009698,-0.9282654853741605,0.12178189813874232,0.08954526294644777,-1.5173527451626627
203,0.00123589347185774,0.05541920876490935,-0.25799590163481395,-1.0000063229328968,-1.0633229474441965,0.15061661479748864,-0.9223995572856596,0.1578138465876532,-0.01321568724512091,-1.5372582410793982
204,0.0013388232524237209,0.050350187494095006,-0.24204865340599263,-1.0027720718742865,-1.0609646152298198,0.1306909075791778,-0.94981650789925,0.13943142709231415,0.007571486845851921,-1.5614569341251603
205,0.0014753942632085104,0.04833392527640234,-0.2550103116355772,-0.9704311088575684,-1.0643992879862256,0.11157353835982241,-0.9474622184113933,0.121099837969306,0.04294613632571439,-1.5197284202177883
206,0.0012958115815511133,0.047264242884201876,-0.25154841858968163,-0.999549403658693,-1.062988188633281,0.13517507689587008,-0.9402229048588576,0.13485108529324544,0.008215818080146067,-1.5330985228686578
207,0.0013452765447726192,0.045160830346058736,-0.2636603196974237,-0.9916417538735103,-1.0738097616836664,0.12673009382131342,-0.9495988941633461,0.13427222062574956,0.015804665806813573,-1.5390735163415192
208,0.0012569906224776009,0.048794012736167,-0.26430579850557984,-0.9780141838341851,-1.0674977381842221,0.14272760816398894,-0.9257047435664816,0.15404085014359786,-0.016759691417973892,-1.5267258323352884
209,0.001214977600940585,0.04962493409933666,-0.2590182299326599,-0.9956430411250868,-1.0573965048832903,0.15415013953814982,-0.929761515313547,0.16650292857694332,-0.0359849838795822,-1.5481726942694822
210,0.0012433112174502943,0.0478039886340041,-0.25485887314646877,-1.0018095104497842,-1.0639383640713795,0.14698326075416512,-0.933724605651583,0.1479905150733592,0.00947412506218503,-1.5521948131839531
211,0.0011652276673105766,0.05075929864263714,-0.2633285479527528,-1.0052766146053036,-1.05022867252032,0.1791378158039999,-0.9047982998819862,0.1502896662191285,0.05793539646618219,-1.5508890965335038
212,0.001147414590297006,0.051394814592476995,-0.28428336048507596,-0.987022383229585,-1.0587022070525742,0.18545426660826225,-0.8981223865277106,0.18322149247237388,0.006850240256774838,-1.539834859002642
213,0.001161707851755412,0.0527979058011711,-0.27851244021556243,-0.975603508885707,-1.0574294367286772,0.18971706178856307,-0.8863981630022171,0.17161042479133298,0.016245774247864803,-1.5204985654878485
214,0.0011639074924867272,0.05415203392971282,-0.26543860405076547,-0.9678408581273535,-1.0486111083212446,0.17017835642111467,-0.9021317627112765,0.1753139265125221,-0.01356411566815334,-1.52753681648171
215,0.0012200889835995393,0.059074436497277186,-0.25499305371448167,-0.9680790385513616,-1.0466415929741193,0.17864412085545706,-0.8848207413305926,0.18721557361951013,-0.008056773783935026,-1.5311601458127195
216,0.0011494644151143815,0.05563953160426699,-0.2681450815753637,-0.9363344807483948,-1.0483108914160328,0.17718852178992817,-0.8711855165555654,0.18783940152186074,-0.021881204206946395,-1.4907998183771454
217,0.0011418346401988536,0.049715576535789924,-0.27234958560829925,-0.9815769429370209,-1.048976612217923,0.18435419506502623,-0.8937999520910634,0.1747619978898582,0.008015920003455716,-1.5318043792078013
218,0.0011672698641862042,0.04348188267488059,-0.2731742761736172,-0.9947998849855062,-1.0529380506213082,0.18718577764372735,-0.8951334401809415,0.16519733941604875,0.01440071688757965,-1.532064493342607
219,0.0011767660396820214,0.04039914796344745,-0.2688055386793535,-0.9925153859343178,-1.0525844015561778,0.18201651567433885,-0.898987182021549,0.18354918481032767,-0.004872995456346222,-1.5482914038013156
220,0.0011468794975212095,0.0360634075747762,-0.26996043069540004,-0.9995613213119462,-1.052246885368423,0.1842558328202756,-0.9000538212755349,0.16820730190498956,0.030294488479255467,-1.5463842339656346
221,0.0011333564481218156,0.03745670118177596,-0.2808887603267418,-1.0050181792242303,-1.0588446209776816,0.18707589141679054,-0.9046403197369343,0.16594043805588304,0.04160630830803368,-1.547705159806429
222,0.0011520593522345846,0.03867949132169065,-0.2870962437712043,-0.9891667125501062,-1.0490371766643027,0.20176463244641213,-0.8870367382204764,0.18296753103013227,0.027432039969830076,-1.5392681541973652
223,0.0011511333307918782,0.04027958797836388,-0.2835228150901602,-1.0000643232169213,-1.043427256856931,0.20561012782790136,-0.8872430084266024,0.183902744503437,0.024686597767989538,-1.551212757783164
224,0.0011465969813906215,0.037036628692421386,-0.27725790014903284,-0.9985446162360918,-1.0561188453448425,0.18336191320829326,-0.9066253730333353,0.15745239416657528,0.03481045961380908,-1.541369096392619
