0,3.5346355161371217,0.1437762558157175,0.011397437789162145,-0.11365806886315342,0.05332042520460106,0.010330994683962834,0.059192342830372696,0.09370331259854678,-0.035758974457941836,-0.018511505318174772
1,756339362.366516,0.1935253346565964,-0.0018145061213770434,0.019491769490330085,0.03820865344898127,0.06680963387521709,0.06138508923743911,0.011113070884562336,0.07433859475828446,-0.09942169207551177
2,1.9193119202111293,0.009867805617610144,0.06268127353574147,-0.0019510339671058874,-0.203558657164548,0.11019232921091902,0.07408421095231586,-0.035940281221621545,-0.015073287192008606,0.035036195921167926
3,1000000.0,-0.03227811279363054,0.0399936280803765,-0.1696893888584277,-0.004592658041935865,-0.08935748109595557,-0.09994639682683193,-0.05758408065514286,0.054836186881136666,0.12353089276098753
4,2.965234496837615,-0.13256184313070438,-0.0828252900650677,0.04061314508696118,-0.08678926326445302,-0.06513788719835593,0.056471568750650826,-0.10523641909703894,0.2422353940321482,0.08061066971665276
5,46.11326276229722,-0.04917105000951024,0.013300706953701363,-0.15393878491918378,0.08365238638698654,-0.06357179806615741,-0.01669192857873779,-0.10950894013513211,0.016547068620764296,0.11953076741972604
6,2.7799913246806205,-0.09053712285925386,0.028088047226864168,0.011423774829378541,-0.015716576734224677,0.08227368153546932,0.12490263104579842,0.11356489800520582,-0.033780516439141255,-0.2092851474446556
7,2.4212767503724697,-0.0030943850698131655,-0.09503776619521616,0.04568882715813304,-0.031665791375342305,0.013395002208273539,0.19220833398341897,-0.04005284223595358,0.05124438526064106,0.022948189528145545
8,3.2018970144239476,-0.03130128313111136,0.025917491878178635,-0.006498639003260193,-0.014334127670983061,-0.021323063233419103,0.09982528787505955,-0.036096760699817536,0.13080279473586576,0.005342618777328082
9,inf,-0.14195770507826785,-0.10323818601729616,0.0010238597991490616,0.10681924380669437,0.07774329886887536,0.07270929069841979,0.08939096557497656,0.10309621201970678,-0.04016470755104498
10,3.216231506031965,-0.12318856807180033,-0.04449494577315592,-0.04121497717549441,-0.0637834262640528,-0.1612087902059084,-0.04775983460097911,-0.09627817408937565,0.05128248218931974,-0.04416528442858214
11,3.087698692532271,0.06224920311810411,0.15403820113060718,0.007490727599690743,-0.09620737240921025,-0.024435186012398774,-0.006180250370801666,0.07813556729961911,0.13549221845425335,0.1676808996827962
12,2.8691336846943196,-0.0009456122454602209,0.10459602285706125,-0.053487460181214544,-0.10976236120766288,-0.17729282349211306,-0.04624854773208459,-0.113356267819499,-0.004817133651021499,-0.06583009036472921
13,3.087288539601807,-0.0281044513823461,0.02782330271554234,0.010177971735258879,-0.12108497763527455,-0.11223473623915017,-0.17848131185638175,-0.0996062083165587,0.09044212117609252,0.08605223629322667
14,2.4255710934550425,0.07836529514460677,0.020006461608956715,-0.030295653437875422,-0.13740593858441957,0.07301034241326837,-0.05265753857731514,0.05501318878117484,0.014901472344711767,-0.10768281009194212
15,1000000.0,-0.0525085195955745,0.2058654219749354,-0.10547964320199273,0.05098607236091867,0.03421512417404091,0.16277617794724117,-0.05473608442799203,-0.04522137879232115,0.14766711368399635
16,2.294598222675623,-0.0918300354383301,-0.08058388591377712,-0.1191366796727534,-0.17623561162741552,0.17806770234036423,0.026254192850091104,-0.00831670710452681,0.039142356102802214,0.10555445949778514
17,1.2708942024396197,0.1137126869427623,-0.006176086112170753,-0.020227335421175843,-0.24834008733127003,0.3047519555111494,0.09816556464909905,-0.030624958627247678,0.004072762587856361,-0.1125416201012336
18,2.1745241650405274,0.13214687063080702,0.04541353030912493,-0.06518320640531769,-0.14777136979767802,0.09011328560380423,0.07881933162169999,0.06532209383930783,0.04910468599616506,-0.041476702592539896
19,1.8604178682412826,0.04998597512296394,0.03959139656961229,0.09607345165439862,-0.07840358166343218,0.05064601800008368,0.1681433159892055,-0.13019245200371074,-0.16950739541469467,-0.11821403203031687
20,1.9082049686690388,0.0577316743948028,-0.03881918598028336,-0.036823732736110185,-0.16542828624305905,0.16368652132739703,0.0014109330693465594,0.018835749644794484,-0.09106108050449616,0.03145382291671882
21,2.9576081386758695,-0.012133364230911117,-0.008172283549722766,0.1030020695834239,-0.043289619321375275,-0.1198708316116191,-0.05801621800266704,-0.031382422995709806,0.03335431408274593,-0.12383971144488974
22,2.212585449398171,0.015043973628611772,-0.02223041070451789,-0.06827796208009773,-0.15479402690556573,0.016369346362039426,0.04714788907670413,-0.08171399401601954,0.024676145891874904,-0.09334502557249394
23,2.2779237859665846,0.016077457665286447,-0.02533577655361598,0.05112387970549304,-0.17246166045688083,0.008560499369704842,-0.1695793956371607,-0.03410930193407655,0.0028637471286525225,-0.20618692518935614
24,2.540646398465307,-0.04586347826843976,-0.08064356866338113,0.011392446729231313,-0.06765686396222795,0.0522947984360297,-0.04330480549921481,-0.06001343312090181,-0.05711066267941811,-0.1822479959678081
25,2.901737836605184,-0.10114011114518265,-0.03270461231575335,0.045279824238097205,-0.02819710978321606,-0.09364512093097913,-0.0046639416052010885,0.017039785945791235,-0.03548846916597484,-0.06804373823298777
26,2.550932821475551,0.10831786798150607,0.12785467322423533,0.028813704548190662,-0.19872232459378514,-0.028535381319944916,-0.16162137837873716,0.1185773983181806,0.11822767816594083,-0.1176575319025192
27,2.194379916180243,0.0032432103181618517,0.1611218216993012,-0.10537204908151931,-0.13572594406641442,0.02429056256340118,0.09696446637024814,0.07917261077507322,-0.1862524155921132,-0.09965794571356436
28,1.9057640881397195,-0.17970695835889153,0.07556879631955979,0.11715765652278179,-0.3538818966055946,0.1936127538257009,-0.12898402822570026,-0.0637590207289697,-0.17143111391187743,-0.1024423092492834
29,3.02730807367353,-0.15569704166136658,0.07494101053708765,0.05464017807286594,-0.04124416166394661,0.013143630403342373,0.1315163364624803,0.08719151752472647,0.13733732529370152,0.06391707124885304
30,1.9737937395761043,0.0369559302703087,0.050273903670055534,0.05670477701430609,-0.1974843495918781,-0.02766225991504473,0.13149932637768974,-0.007313116181449766,0.1250198883282706,0.04728297912850951
31,2.3452836842155205,0.06780524389944369,-0.16356643378884128,-0.010838035607252973,-0.07918953403679543,0.19302379265932565,-0.041733584216436276,-0.04944392119232231,0.0005482873589779357,-0.04739401906555092
32,2.57117794376687,-0.11763204424951305,0.2843024639064705,-0.10549755838688679,-0.11798176425811649,0.17247843702043927,0.17819846640720993,0.04985479157724172,-0.026004737589618167,-0.08858244321610896
33,1.3603534821464327,0.0471222691813924,-0.016334327137748662,-0.14216091795449043,-0.25216554481456727,0.2305539094055332,0.09298040445967315,-0.07176238440640009,-0.2658424361471009,-0.16348016264497012
34,2.1804716591229796,-0.10417603372016192,0.09836153893766161,0.2180165020327408,-0.18070446415311875,0.19398658643646557,0.33030591994059255,0.0713987477853,0.18592791144680226,-0.13945550925819278
35,1.7099986801037232,0.07258223727989452,0.04599724167876407,-0.017698517476923192,-0.20370922757593024,0.39042922576643846,-0.019304477330171016,-0.009190239696069573,0.03387608793635906,-0.19878904460580157
36,2.123990341970322,0.13364940387285013,0.044816635551842135,0.05381720145946802,-0.06357542720680748,0.10722421923031716,0.09436785584629356,0.098953381879454,-0.09358644088598034,-0.11839219094715853
37,2.507348790732212,-0.11292026807819937,0.1169886228277279,-0.10043298299251449,-0.15144067512320514,0.1267815612633888,0.06523879414542104,0.05783323176774982,-0.006033123804859916,-0.047141388099412845
38,1.3487643526506712,0.1313150291194789,0.008531047380714689,0.19828036820384595,-0.2633547189566114,0.18774172911542875,-0.13037963551847148,0.060348477016923974,-0.12421080810057047,0.06346122921661891
39,1.8706813260182722,-0.020083463873416155,-0.0782999010953408,0.23225427504958185,-0.21190768398657825,0.1781911943386936,-0.09245253515123977,0.026631284495184954,0.03478999723839672,-0.12752297159221807
40,2.1028530269909655,0.1635911976172485,0.10534228347758026,0.0971687639630043,-0.061435480031632655,0.3065669366727136,0.11862803996908758,0.012827305884397858,0.011716135939902131,-0.25627334206332236
41,1.4868270980265348,0.08111977780000218,-0.016369425734490566,0.1604382338575712,-0.18397362799274408,0.28100208206265176,0.036895952243210184,-0.10175320554672279,-0.1145092968291897,0.0775798616708339
42,1.8135814508228836,0.024432634748324578,0.29107092371816673,0.07774158708802884,-0.22327320233361841,0.12582719748909665,0.18779621903040364,0.10503367874390128,0.009750516277970536,-0.14758160100452503
43,1.643336602286717,0.20925882866719336,-0.1426194521817304,-0.11348715254925629,-0.13724455131471425,0.284736426316557,0.10142661059886365,-0.20893371394608706,0.026327647854698252,-0.07142693309333299
44,1.2915024097636405,0.0694216319583113,-0.021318758417076027,-0.0400589095013891,-0.22730555766705518,0.28257156907165715,0.11581512434922901,0.2834862297899058,-0.19286110234627962,0.014463621157457932
45,1.2397588376374065,0.10238367722885282,0.02328798851684101,0.14913849221523542,-0.28602184298283867,0.2217686737608779,0.09755390132138123,0.09857479847153792,-0.04617030672504168,-0.04217605987196851
46,1.098242778688174,0.07284420810824013,-0.020293237136228756,0.1756611622659809,-0.4751088248686901,0.17408341120293658,0.17735191171996184,0.19407921983088233,-0.10214690282772779,-0.23267934781116262
47,2.5173092354321756,-0.25187164156979636,-0.004379888167879403,-0.10074128329096443,-0.14030459725780994,0.10294487382011185,0.1034603914719795,-0.07295885523366685,-0.13697743986459582,0.04617629197886222
48,1.3367850018903908,0.11141288460500745,-0.12384421757911511,-0.16530541156104045,-0.20805038121741098,0.21349054613343876,0.19839023765606903,-0.0642185929393369,-0.21064608081238795,-0.17031444012597213
49,1.5272839961876945,0.11591434036567802,0.12001179836886067,0.04403596426944619,-0.2832129443224553,0.03474554613162292,-0.16832546713088414,0.04284935671922073,-0.2657575695269163,0.10858742694802122
50,1.312539633213966,0.25472931951862876,-0.21077818606534343,-0.031270044459318566,-0.19628876612919935,0.019279030822881932,0.14617638593065588,0.16277632388530966,-0.06132364943311478,-0.08198823866431038
51,1.7226930963302747,0.10709692281671152,0.24255360881779475,0.15015646761713686,-0.20757345301678354,0.2165441514651816,0.029616985713494234,0.15366216567445928,0.032095431017889975,-0.18222736063838046
52,1.2805389570708596,0.22049436325850869,0.11269109250389597,0.03870682333461828,-0.2671886256771767,0.22823303083066354,-0.08784641399681768,0.08567128846769966,-0.14482536233906035,-0.21558668311105594
53,1.3364846746484238,0.07437699851613476,-0.0415396927757638,0.15101413966897975,-0.1506339527120314,0.2867007176459255,0.22169528707229452,0.15308901678435147,-0.3926247710647982,-0.08465856671591285
54,0.8909637198952503,0.16335690840755213,-0.12054637705626826,0.17946171399698507,-0.34759945855627306,0.3161440901713602,-0.022855783410989622,-0.016999551706034927,0.0361724071171384,-0.03320804181677898
55,1.2670144454950878,0.029160403489471895,-0.035900507038833615,0.3344969312597152,-0.3300199859921044,0.3459724758644434,0.1641997053561301,0.07714408905303434,0.0849215483290568,0.019609404107807038
56,2.0602235244370837,-0.12797875427823283,0.18245965388892596,0.08740553250306254,-0.1460623194315259,0.12286477270750101,-0.14264253526273568,-0.186090751318439,-0.4321006635518147,-0.24433355423070757
57,1.1799576990650031,0.07527102005831907,-0.04233701692248868,0.29218275010623035,-0.49782154262854084,0.3216987393517552,0.03370903490971491,0.17922985657184676,-0.13627199292313535,-0.06636526429558626
58,1.6591912975821612,0.09823786569272404,0.20062070681626024,0.09571692526321486,-0.4797097512700574,0.34055616346802253,0.07833446494462148,0.22126885815210465,-0.2129958375958926,0.06026023977041968
59,1.9094158579845795,0.07213967794618183,-0.27012850914876857,0.1236904893388161,-0.6242105652176402,0.3612868853647493,0.19450287056788532,-0.03287195029261564,-0.2027096354726195,-0.02085510450470994
60,1.9381148271729305,-0.20171686576000106,-0.11593070432066505,0.16400816495881068,-0.8174536250186034,0.09702901690597263,0.3043239309098721,0.044757619857028225,-0.10993632624071242,-0.42476375525580257
61,1.967880465751578,0.013866897223206859,-0.06745223496331251,-0.10532733965473971,-0.4547377169720374,0.3726023683007913,0.10180065027424692,0.3553581130251894,-0.2402262706420083,-0.1423292696679025
62,1.8152890797023364,-0.011466117559658623,0.01569336288030465,0.16561140349140968,-0.32940926977420465,0.010110354668528304,0.17573535446510932,-0.05880661760873532,-0.17608688415351872,0.005824401416378008
63,1.2343991817916538,0.346419826729256,-0.1838984901492136,0.026492322529266532,-0.1683657879423689,0.16823897794585313,0.0036585787547920023,0.18378979153392544,-0.18944988533281837,0.0012947971101737732
64,1.079527344284463,0.38624407507995107,-0.3254120004812606,0.20356518088440975,-0.45730975032457843,0.3456513658850091,0.1672671586904193,-0.04628001549777078,0.048762593969827336,-0.20649511269105728
65,1.4335474891987197,-0.03621892719160885,-0.08188845367986881,0.10317943189580148,-0.4009249848400887,0.26257898903558863,0.08507050026508396,-0.04002870684889445,0.18339741987697197,-0.15388205576635466
66,0.8672322994407592,0.16215390833581544,-0.01948894916167601,0.28458651545314295,-0.4227809715061679,0.31097413098462934,-0.09888723911633202,0.13699483405551227,-0.22890037186515316,-0.20239175148735203
67,1.108602978930419,0.07239932033427589,-0.2274667340367106,0.3022902368718956,-0.41543896572855354,0.2551119689457554,0.0381667118181646,0.23444532027036158,-0.23704275771388325,0.12182085973362641
68,1.7397159644375124,-0.05613486672413015,-0.2204361358655325,-0.029802400543847946,-0.20997855254650352,0.28004710673988975,0.04137121068461319,0.05104455756698852,-0.10467608043017176,-0.18067477686552574
69,1.5206674796556445,0.01859070770409385,0.06441508994674644,0.1579140835461306,-0.3735569337697927,0.15533315059401231,0.004956448282980249,0.2670155633573987,0.43698096175587864,-0.006138538279795852
70,0.8637786905452007,0.442739878403951,-0.05950175150162525,0.1451523953074779,-0.557769528299912,0.1280923551728764,-0.14563212641682755,0.08356846732397329,-0.013498874693781623,-0.08092897595417967
71,0.8490226353811438,0.35260801567897126,-0.2247138544842704,0.30351517881435436,-0.24546989138258918,0.28665955525975,0.1747621720107029,0.11145778399475284,-0.021487884282084563,0.09731405135230389
72,1.8979825734047004,0.09720785278138373,0.028235617340110222,0.5446078497268759,-0.4886282971231797,0.5055347796418633,0.3179967085370187,0.2837292377958834,-0.12674313100240617,-0.011600767082811138
73,1.7833608475733878,0.2467550463920437,-0.21130206726760126,0.05841395346126141,-0.5243713442144953,0.34283073782857537,0.1945657756839535,-0.04257061285642691,-0.05141755137199107,-0.32687849779314154
74,1.2346697502854558,0.045477280699358955,-0.11533151497412832,0.10369672319951184,-0.27842284276905505,0.3623166307130059,0.05579274177837766,-0.07920629000239443,-0.04472925834688252,-0.15809003554189494
75,1.6122513072069025,0.14287711375566542,-0.32244243112623333,0.40844609191343917,0.014978284071420433,-0.017610428691248625,0.06418809954326454,0.10474272722084613,-0.1280195133739615,0.03884256829799691
76,1.2682157652939665,0.064115140114134,-0.23539308259190533,0.18248361571971966,-0.4236559419687155,0.40637375736852177,0.1022259334083119,0.17514988233254106,-0.07437751448504731,-0.252456559795094
77,0.8524372540958729,0.27646968474544464,-0.1005125886582784,0.2559371485174205,-0.3627830446485866,0.2692486845944274,0.17953053483231968,0.25394480953431486,-0.656162861356113,-0.25521505773319425
78,0.847590218884055,0.28800820690343887,-0.06527836619247926,0.47859208016167887,-0.42125254356320474,0.014720967436225918,0.07512725350141797,0.11293255545745133,-0.34896906969443486,-0.19021993290179176
79,2.467204340046606,-0.1048253159366532,0.07248958585161111,0.19142447811365482,-0.6405519190381952,0.3884119123081972,0.13903767515413754,0.2758307527160876,-0.22242474002058538,-0.10315577287667367
80,0.9095485061002859,0.18698243820085708,-0.10000939832365073,0.4257889353301939,-0.5739889415556427,0.059904890108255796,-0.12020314317520277,0.2094136172518294,-0.04114484353381023,-0.24361272619820953
81,1.2133468184863792,0.08612511890496338,-0.10295451311167282,0.7158293505003905,-0.4002849290711017,0.3719475726856709,-0.057015315155339766,-0.0658359657629583,-0.5883914141012764,-0.3892342494362526
82,1.7661803572607366,0.4971337324463854,-0.5843171356527317,0.17611839442374355,-0.6188030576529533,0.39508389584660253,0.12500752322924163,-0.06109669489729011,-0.10656257309790013,-0.12285932528555599
83,0.9710049759940763,0.25570913957118674,0.1438219714647273,0.058089660462875725,-0.31708054596673174,-0.13883361546100084,0.30732696364964607,-0.03527981841974176,-0.49407469171603247,-0.3522913185548961
84,1.156691431043484,0.1989912993934438,-0.2012463029786345,0.047118404879906595,-0.473377076199779,-0.13864779702058208,0.0687213736641305,-0.06758565671295497,-0.1033984321648439,-0.2059404862939898
85,0.9254406638146033,0.4281874599548551,-0.311995904047499,0.3175480791609905,-0.63282370651387,0.25295676486223184,-0.25090893808824,0.038916055549448436,0.03565077529927377,-0.36234369606069966
86,1.3809857606924172,0.1483209926832977,-0.28541468006343274,0.481456199237945,-0.47349349527967455,0.027342543106113115,0.06697668273634606,-0.07680403057648219,0.1823863434692292,0.12354569884114713
87,1.5708627769659373,0.030970175500874608,0.1654591165887781,0.33943523507289425,0.08090171526427609,-0.11028070258404218,0.23981140523333522,0.11682257780896073,-0.5683976797650989,0.2404877760024229
88,1.7804497157252672,0.4929952320076604,-0.212431013586702,0.36323902957569815,-0.6135978202822727,0.2792176047130758,0.45329601658792945,0.48633724145488877,-0.20537274843248496,0.04292484909736252
89,1.5153537357236495,0.02560236208149541,-0.05588213660619795,0.2529428240946333,-0.47186571468336264,0.18633172481443236,0.05796012856674007,-0.3796162284874247,-0.3508094445538427,0.1778823872825833
90,0.8823084665787012,0.17741388621703055,0.1647029183178923,0.47244848386286864,-0.27725673496060144,0.2981282710963995,-0.10040089662241726,0.40386471577542127,-0.3021606847335616,-0.06634290791600611
91,2.5548541824005486,0.1518101159607092,0.110664672718053,0.1021759277046119,-0.1845013743026795,0.21498091048795945,-0.09072078526217191,0.22386537444783164,0.29662388068416057,0.15669584080539947
92,0.841031827686187,0.28168280648933924,-0.016455540920140913,0.3817250371102371,-0.4656220519849067,0.014794607562597206,-0.007879403266649557,0.12689497725587567,-0.26524171782807704,-0.15553007855742976
93,0.8822880743111748,0.32098985115402434,-0.0424940040273364,0.29815187982113883,-0.6023411372900196,0.07688465228525658,0.016057061801423904,0.2446552116656147,-0.019304103464911015,-0.15812536605495425
94,0.872298433070378,0.27100643201350044,-0.25708036704858517,0.24139264341147001,-0.40674882670428886,-0.04676129361716433,0.2558756391240499,0.11279907775980591,-0.4439740316732076,-0.23563523074510173
95,1.2859256264965027,0.12521262494472252,-0.2643087852031749,0.13182963299150405,-0.31965849585596234,0.8594061460774455,0.03491855369952478,-0.12687253988900418,-0.642037280423822,-0.26922537348989173
96,0.8926853956495268,0.3891587478951774,0.06640131459503232,0.3740542966752315,-0.5592318309100615,0.08211675961079376,0.23708986697740775,0.20219288930663523,0.11786803595608067,-0.28967590895366163
97,3.3168932655724968,0.17881136647645152,-0.12993071785290916,0.21817539235286199,-0.7928102608151135,0.3971588940021472,-0.2364467087344162,0.5502544710895625,0.09421817864888463,-0.21157667162047286
98,1.2450167151290399,0.20993561745149097,-0.18648290603380627,0.3043705675397852,-0.36320101311234787,0.013655005713182726,0.5041911988122757,-0.09497607684185927,-0.13865741865366732,-0.3494626977194022
99,0.8868424592985812,0.6317141975728247,0.12889433806074738,0.528883759514899,-0.5512640879538591,0.04056303671258973,0.37343481984755084,-0.11817406266552538,-0.21040334712388925,-0.1492880477864683
100,1.0161155351813251,0.26046895670966264,-0.04169622630001255,0.16383779501888068,-0.13768310153380142,0.2699250999133555,0.2596625822358192,-0.037479565721704466,-0.16683014696612686,-0.6642373117327478
101,2.1612987248563975,-0.24343247729212292,-0.043163086944827,0.570320653249631,-0.8342211379519222,0.2724140124874964,-0.1272550717020866,0.19962981471158453,-0.13187509141709333,-0.5953447552674196
102,1.2585139798226306,0.23912681603618763,-0.16624199254648536,0.26984666450643147,-0.6994430123806106,-0.4399772496654258,0.19201778334628095,0.1408852310791155,-0.12011788606452414,-0.49860813033162094
103,0.8569943378260317,0.30189881226952364,-0.06159654136743636,0.00334883155957999,-0.36840194408545146,-0.01423114626710497,0.24219674041181344,0.3681505378354154,-0.32735986458490607,-0.16189202922742663
104,2.0588351189093337,0.5961124495304426,0.09097402692334364,0.46570014074497823,-0.709887730422982,0.38224696228609606,0.028985212398051508,0.2717139604702338,-0.5229839319873848,0.03179073431173057
105,0.9022688770742027,0.3322252968287194,-0.15230263340545766,0.2692645470043006,-0.4942628365605147,0.07020781988880986,0.4728336917425858,-0.1297995763390713,-0.17691356275836223,-0.44135705142609893
106,0.984423470832926,0.4988926618638956,-0.16383319654437717,0.4859079266353831,-0.45116880175600227,0.2829285271509418,0.21702404512296292,0.44472839398972347,0.20626435224790243,-0.25384426662656495
107,0.8910783820598219,0.3093630389226875,0.040846559246899825,0.27017466677541624,-0.5907100665028577,0.12301717266787277,0.02406008701306916,0.08836631845718525,-0.33975439403111,-0.1367510093379358
108,0.9408096540386011,0.23462191884415812,0.14552147476711105,0.24790088443666697,-0.8115462498241103,-0.10116788720688305,0.0754727640065902,0.01752990346472602,-0.2602771534845094,-0.21168266843082212
109,0.8345611174059144,0.327433049965146,-0.18730474558084653,0.3027204510856557,-0.4937104956994617,-0.2361885462492743,-0.058137889741494364,0.3959701279757023,-0.5257294011767004,0.10741202725712795
110,0.8254625140010964,0.48123357037801345,-0.34671713089760803,0.5567015921769907,-0.3632158718797522,0.1792654802832957,0.1659482044172249,0.23629327428053115,-0.15441615303523207,-0.009148144497360872
111,2.952613044894079,0.0942483499414754,0.3294686715419678,0.12346650442038157,-0.2533500543885637,0.8148004380612972,0.05301813437683916,0.02411158698296853,0.035223118927561164,-0.09066136212117966
112,1.4854159387610204,0.0368216745216306,0.14495895538785258,0.0616759355720814,-0.45347850840435666,0.011977299529040905,0.03938611577117687,0.3362819868806437,0.2693982868210856,-0.1692951678487874
113,0.8858893271559395,0.6848093709694854,-0.18823209608976552,0.3869100367081858,-0.45230221022721945,0.24722690510079454,-0.03063648195284785,0.34480393223861266,-0.303175787962812,-0.26963923867465084
114,0.837748747588272,0.4437403389629201,-0.3084279726435307,0.07656856685772823,-0.4107888623559923,-0.06362029174545805,0.32574059071414185,0.25371823117578596,-0.3625041841173107,0.2656254124810353
115,0.827593003394372,0.5841748358415952,-0.12832632486124324,0.15099976659322728,-0.48082936896693684,-0.22484908887999897,0.0030879347948236102,-0.19018286355462977,0.0932753146305767,0.11416825134505777
116,2.303675308430944,-0.41302055671657467,0.31339384023028666,0.324444484602077,-0.845029489915951,0.19806271034868825,0.021760487909691956,0.2014772308905206,-0.2939748566216194,-0.48615166565740714
117,0.9548640793960114,0.2574469925394312,-0.31514907067166054,0.4270595817832802,-0.6610755856157335,0.177562089872006,0.16977610122861353,-0.42709937634463163,-0.34689756750572637,0.06009453168178125
118,0.8477770320419908,0.5180666963904768,0.440012011053358,0.27058032861924997,-0.38565400317863185,-0.26908717963826667,0.47768228046836964,0.41674706905868575,-0.15329235062323793,-0.44251265077470425
119,1.236798210036544,0.199079621143054,-0.009044096149414704,0.6046166141721908,-0.3007876670156703,-0.013815209601127042,0.37477832160355595,-0.08158803439397239,-0.5149070265954026,-0.08348676586495357
120,1.1580909423514218,0.2622794748708631,-0.41092658894898554,0.5137425590106429,-0.16918715298430098,-0.033794442829061244,0.5644004633819664,0.323486262586055,0.13263933620733137,-0.21810914101554651
121,0.9982440058152925,0.25839345174837414,-0.42497056618183027,0.23834501991935564,-0.7757842959304557,0.08177126784392293,0.8019694347050195,0.4387193334657019,-0.2622973917390899,-0.20339745187314795
122,1.7000577220539752,0.7109352283064759,-0.15871891061784862,0.11624694875349567,-0.10996161549633177,-0.04778991717006044,0.3079939490866653,0.13283286282307363,0.3031141747242121,0.1705416449261466
123,0.8190357541114218,0.422087886090031,-0.4759285882459759,0.48795262442983045,-0.21349778169198094,0.43857187197212905,-0.19430957356017392,0.22641780960236849,-0.2621707677202273,0.02299646370820639
124,1.364879992269431,0.11904751909397637,-0.402165546042793,0.2803706302417069,-0.481651886999731,0.0020430808244535047,0.19684137101072874,0.37073122885492493,-0.2282126073322869,0.05475826119258853
125,0.9465396690632839,0.4039937445982125,-0.044608055901384336,0.24954186381217602,-0.1672411135183295,0.14389954370893937,0.06439002525686134,0.5404242692375546,-0.27258010420095463,-0.07954434874816915
126,0.8142300106254566,0.47340048518856265,-0.36213663062170864,0.4124250764247783,-0.4667367422139773,0.23078120862648843,-0.21125434170458218,0.48794817932252527,-0.45219264914692925,-0.13468726021154923
127,0.9490009311936577,0.31424860511151187,-0.5228968560232046,0.6060755685408659,-0.765775864136144,0.13335259466751986,0.14582054395710192,-0.13808766673174883,-0.13157649118379397,0.21687778848805067
128,0.8459834468799722,0.42924044971538383,-0.23098390521306303,0.2257787214238986,-0.3702472881047062,-0.07036141538710652,-0.017138081796175344,0.21286510339266554,0.0698898072687193,-0.31551248425454653
129,0.9184347374377047,0.5057914172351468,-0.21957749780306268,0.2942819501357357,-0.3443542415944335,0.06001129477475235,-0.25023375519019125,0.4681586367084595,0.03444773440033777,0.10737552428102376
130,1.2196720972139417,0.7531215506556139,-0.15389707652411055,0.03661144331218508,-0.5104508237744511,0.12453486712583353,-0.32067754061129833,0.2119770314650278,-0.07839593229951444,-0.24129772806903496
131,1.5201481809046,0.4673302352026805,-0.2970692768942307,0.26125746722700266,-0.026439880318609166,-0.18411507909076635,-0.2911471401973851,0.2379742441311159,-0.5944078988720515,0.07087955119559625
132,0.8536000288906264,0.5797060975223208,-0.23947477915498538,0.30004058471461803,-0.1684595472449729,-0.07152283613962412,0.08589154230378442,0.3000949999355448,-0.38234856489056,0.2774645850696509
133,0.9267662938792387,0.47671181119583755,-0.06693281910511567,0.29906997223648873,-0.15640107942433965,0.5499975387616134,-0.1437951446826241,0.10457597071355276,-0.5584588354765864,-0.2032885065800738
134,0.8535076492425056,0.6634538556192168,-0.4655977277676565,0.31575664437149653,-0.11037011000531549,0.31803332316902966,0.41859722255956205,0.5632783801883046,-0.1980011538322396,-0.2537375946566933
135,0.8668387237685461,0.34934444140071214,-0.21693014406289335,0.3267793074732416,-0.3997481966867323,0.44558013501822796,-0.23789237818922526,0.171783611779846,-0.12316950448488037,-0.2864874400498437
136,0.9041974184061745,0.4993269182144075,-0.5091011007479314,0.05093231116506841,-0.38092565952111407,0.5259242111244531,-0.12693833180030056,-0.13786566266326578,-0.49302289261477333,-0.29076688567245956
137,0.8529084427460943,0.7686104172951677,-0.5605818146605954,0.4412068912020321,-0.35631711679423717,-0.11452927455347484,-0.1626003005565541,0.1901024403367717,0.2256132354813094,0.45569720289503374
138,1.0463051998910806,0.7119354049696293,-0.011474014352233192,0.17024626905625007,-0.3209426260507591,0.16666806466594955,-0.08301085895349862,0.2502945351038618,-0.5729497003146323,-0.3241099742930944
139,0.8295532508674739,0.35637766015158345,-0.12251788313203085,0.18350853397612948,-0.3958811389369016,0.07768219079487772,-0.03495644424094506,0.6709817671175772,-0.25039843885629426,-0.3623879964462973
140,0.8454034621033167,0.5705171024066974,-0.09286135732430562,0.19629752266010284,-0.47271846361647957,0.06121207318338927,0.1386711069910403,0.01787288576860485,-0.3188239994919744,-0.014931179396549067
141,0.8394383758115032,0.37361372804290377,-0.5185197267531493,0.29057310923398844,-0.4256652279269671,0.1648182040069559,0.10630615989675384,0.01878690061069388,-0.6722677798657628,-0.13747693247812978
142,0.8389658206658287,0.6288456722896627,-0.4192467545876798,0.23016903442931794,-0.2889440982945783,-0.28530681596511975,-0.015205640352671943,0.2808661159806024,-0.3054538999498494,-0.19352048432870653
143,0.8513253718116423,0.5946987092650567,-0.4358540867843993,0.3399106821995824,-0.15321052475214195,0.026361103341670022,0.19444230442583,0.6214054932531754,-0.15809727500452403,-0.0551922601734995
144,1.3698033532585974,0.7227060528379616,-0.2485148940120479,0.17461025085406784,-0.5569505398217474,0.1407185096148702,0.2562074975294574,0.33899869401442306,0.025005188423003977,-0.1887089857066922
145,0.8328541892335889,0.4771505511417266,-0.2867578708445257,-0.16915988268824794,-0.5531988719989925,-0.33710914493250826,0.22435596103672245,0.4250254567090942,-0.3084325547762365,-0.05957917831595946
146,0.8123446021852426,0.5257897177433327,-0.6755259646524435,0.2357150428956261,-0.48785047081592137,-0.3487209509355864,-0.10213349747503976,-0.01968857298100568,-0.030388697182059332,-0.22788764856202168
147,0.8393520357229383,0.4191802213667495,-0.10922826719511919,0.25802356986848246,-0.41337622300931437,-0.37746476931799,-0.0031612276811393697,0.42574409298521415,-0.05709078532649453,-0.32751360599008517
148,0.823890586893865,0.6244490182798046,-0.4379554072043986,0.45573480739322186,-0.34543719102525017,0.1078343186544265,0.023299361859013427,0.025724810013522503,-0.04593609695105408,-0.3421295898720579
149,0.8421731938759162,0.47930380512051207,-0.20082104354296457,0.4827360278492516,-0.4709640837542838,-0.19432184743258116,0.33272940365431325,0.09831070357239086,-0.19505685088194605,-0.24274366457634344
150,1.9393560673605283,0.2876559500309808,-0.14952363853703138,0.05971775938374735,-0.6367981863655996,0.38667088131887406,0.02514852980918542,0.24749562857078003,-0.5975130595772598,0.12436671075991454
151,0.8462156732946378,0.8133133916832644,-0.3371528769291576,0.7150661129165925,-0.3896242306245435,-0.012188907685458628,0.013797996528368196,-0.22181079694996153,0.201277312945562,-0.14303728256469914
152,0.8555785016473124,0.555320933843866,-0.01676851039751548,0.041941827522649355,-0.3575806449230459,-0.10879221867663044,0.050233425686820946,0.25887845669508747,-0.31665728716631547,-0.24725206862175847
153,0.8506890449615105,0.3853096637899631,-0.3699283156048754,0.40806697233623995,-0.3899025868899846,-0.11254749203659492,0.36386222935955004,0.21898801140026006,-0.5011638239160192,-0.13552131943470927
154,0.8525224473069519,0.44413085753480325,-0.020335876997298108,0.050078713441053635,-0.3486993754224425,-0.20856629283802977,0.48965075031786065,-0.01855369174568805,-0.12188519491442804,-0.4397743571912587
155,0.930447804332449,0.8122182412893868,-0.17322145308441841,0.10617683864818078,-0.29445046606209163,-0.1355884692147085,0.16230709299238444,0.7416175429848446,-0.29901200186717236,-0.11375389255751979
156,0.9962631802679848,0.3281108872347337,-0.16117278557688294,0.05195802072166941,-0.23641276118423346,-0.5799653665437511,0.33582890525671255,0.2668040699893037,-0.03593743270698485,-0.054173186737609486
157,0.8247612737592076,0.5664057654640342,-0.06647829958582865,0.5095479658446109,-0.46201938950872556,-0.08451166014868886,0.3151958946429121,0.12342838230325998,-0.46802760431794194,-0.2639882350052357
158,0.9043928012713282,0.3343617477752573,0.039032397544827124,-0.08539097130708323,-0.5425839843720136,0.05413568108690218,0.16157639581175598,0.56963043664296,-0.309659692676692,-0.4539774706621118
159,0.9704924784452872,0.1916797960593275,-0.2881345517993213,-0.044886081902397124,-0.7794957381285801,0.00571423782432378,-0.048219404674761726,0.3129390028141822,-0.254640229784847,-0.43611068921333984
160,0.8291616529634975,0.581123358724825,-0.22324068749474818,0.3900464816427964,-0.6097206386554227,-0.3402584147551726,0.22596619353750338,-0.16188777913461574,-0.24331203695660217,-0.13933833778010868
161,0.8625003759665439,0.5830505902570767,-0.7332575256292341,0.6939088373308111,-0.13515575470217778,-0.09392711302815965,-0.15658914228783158,-0.2412063355319006,0.2658561801302285,-0.18383149031146484
162,0.828237628903707,0.7310945155382935,-0.4532252948761888,0.5801180002961352,-0.7079825679711307,-0.05737750969440297,-0.24934779728689152,-0.03712413829243327,-0.48126396364049373,-0.3769082489283388
163,0.8516830701473117,0.8799411478576773,-0.36592289402910216,-0.23527880093152698,-0.6992286571048145,-0.4955284899222896,-0.015155981538870322,0.08075595838676636,-0.0016481930183591398,-0.37056045354209954
164,0.8079265084029317,0.6021576372580459,-0.10648434935785733,0.45259168338051736,-0.5840313041004149,-0.04354122519276868,-0.19260685335294617,0.14065048696267984,-0.17157952204495358,-0.17311009719160755
165,0.8937015521880615,0.6849299809812195,-0.15260793592552468,0.48634038081440123,-0.8182015786799406,-0.008723430904460067,-0.3523678303339217,-0.04024129179836822,0.16875395390049458,0.28763660902231275
166,0.8215710420475167,0.6146465248636902,-1.070599728333692,0.6113822064221586,-0.5695572230039775,-0.153777017168417,-0.1391403192423538,-0.16086724135004313,0.3105645337275404,0.0307819018826061
167,0.8186731400054492,0.6506090681543064,-0.1928765401856158,0.24130551748339046,-0.6659851953839749,-0.632717408968574,0.15161495128729122,0.3705419085140377,-0.2898696532838462,-0.05437634066917926
168,0.8140882120957474,0.5456838688060537,-0.24280632710070044,0.1349256423241447,-0.6602044995349591,-0.5879367211734762,0.030136057890439313,0.27099519807569356,-0.2568347631240561,-0.4777130575584366
169,0.8318011120452704,0.6572588658186634,-0.3654884404010778,0.3088098900012334,-0.4475446790377773,0.06141150134521037,0.09636880842509372,0.4616596685056863,-0.40266019099360745,-0.02048594996864006
170,0.848570005936228,0.6995339798977216,-0.7310420179488573,0.049793994372197614,-0.8592996365105375,-0.5001275183095198,0.3539000104855208,0.13180617583803633,-0.35380434979468217,-0.29177663133378157
171,1.2885928540070593,0.36636098497001024,-0.6959472682046244,0.2359696499137499,-0.04718526094728387,0.1247151387894245,-0.2538186677451033,0.33545310892519864,-0.24116498894748267,0.0330665670732852
172,0.8135033463205122,0.5038138769889893,-0.4586207209345501,0.2894445235603935,-0.6147392796977741,-0.6175208381220999,-0.10689878660730995,-0.08446645573407996,0.2331001078865947,-0.090826566140815
173,0.8150458005300165,0.6040158158811197,-0.4014962140367092,-0.01617633473556901,-0.6280442164741276,-0.1555248091887391,-0.2114819472305606,0.2746660727827508,-0.2289022933847793,-0.364965775304148
174,0.8146294977742354,0.5147032821238915,-0.46421168078125985,0.29874998539388525,-0.617531113159265,-0.6786886737643011,-0.018297186463714005,-0.061577567042656794,0.18628459776293144,-0.32345043289555875
175,0.8294219736668877,0.5408071772784587,-0.3005437450316803,0.1738539198361874,-0.2461900467568912,-0.30724244751011615,0.2844203522830079,-0.2978674874171394,-0.142868207062224,-0.20444991328173717
176,0.8641995424736711,0.9212411252725856,-0.23383832067575772,0.4533686360978928,-0.5033913271897472,-0.26140440713170515,0.4090139377952504,0.07943104781215549,-0.4362274999798741,-0.17859366580207697
177,0.8074271829975089,0.4610464984491876,-0.23703857452490049,0.3881201879004398,-0.7557327030697065,-0.8703853749737365,-0.2660136222532694,0.02149710825437931,-0.15613133411056523,-0.4104580291194086
178,0.8367927927715718,0.3420989547000179,-0.6225723583531622,0.40820724213316717,-0.6619314646936622,-0.3682386450700338,-0.42168042761498403,0.08606612112395916,-0.20930531967863572,-0.35448022464676043
179,0.8085194475025602,0.6085407002746526,-0.5534976727314613,0.3634647597069109,-0.599322445629822,-0.6107776279071193,-0.08064887075557117,0.19867363405225508,-0.12299411005846644,-0.5032438724161888
180,0.8645753923601556,0.9006562041362622,-0.4091902532039102,0.35876206560427265,-0.3866186290976059,-0.3321595235075725,-0.18462845488698063,-0.23031799405804873,-0.300853454778325,-0.33834066356477627
181,0.8112602131067909,0.4367577272041525,-0.42901847985439645,0.3222308052115471,-0.5438185380799038,-0.13853865559132514,-0.32521953974896495,0.13139206019015245,0.12714002826754311,-0.18607245945711295
182,0.8080171894498787,0.5806700333465785,-0.37253973770140675,0.25163447322087884,-0.7181659987458741,-0.5884725752298019,-0.2421587128922794,0.36515183246557215,-0.003898620318857876,-0.1786470897318707
183,0.8195330908206677,0.6580269645926109,-0.4197892343219296,0.3286609621200544,-0.5532780370610046,-0.3412603281525022,-0.036551947630256876,-0.20029916360942732,0.0741635147927941,-0.35610423218865395
184,1.0124223180017546,0.5810891700162042,-0.3629955457890657,0.3132334754966147,-0.17855576948348034,-0.3812949904363157,0.22086498452479608,-0.04252710575316093,0.24731014642262517,-0.3576898939357973
185,0.8577771291497275,0.5182208425109699,-0.18556857153729564,0.45476403304931395,-0.8286304251187484,-0.528322103525358,0.18459658363264198,-0.36920686604828445,0.32872387408266396,-0.3069724272430757
186,0.8615015926825645,0.7616778868030931,-0.32625864678030175,0.24736063772522615,-0.5470465815842503,0.08624349379803681,-0.06873346762798913,-0.33832584172624447,0.11161460367257145,-0.4797558262319376
187,0.9077019748961321,0.7118988732711222,-0.27187092195154733,-0.026287095238477776,-0.9428250363786492,-0.1263287583488203,-0.6362103214667985,0.3230956357628966,0.04225262868088119,-0.01588643866545214
188,1.089889313478389,0.7477087425901211,-0.32910579066344564,0.3646453787230142,-0.8545255671900079,0.04807938772295767,-0.20639951547884078,0.11906083431230305,-0.16306929689137364,-0.17536092840504097
189,1.03911399955571,0.2801174816559489,-0.19020262314553926,0.6911410309244643,-0.8100396777827223,-0.21441795577759157,-0.37716623680534067,-0.19225816847995728,0.15989922583872515,-0.40634950223221017
190,0.8082564932673779,0.6451710074345299,-0.18645599049149417,-0.09956980526510495,-0.9591255637915933,-0.8322603206681232,-0.3634545995632001,0.37040825410742073,-0.28087244682600454,-0.930497477729233
191,0.8335289055426783,0.3484006423055927,0.13670031884099582,0.15116354803735016,-0.5752955327826129,-0.5894255500583951,-0.2522278156335606,0.35838693872129956,-0.02338026509259438,-0.13466760612204928
192,0.8656596637167866,0.34624998938938556,-0.3434746312479605,0.06223903210904444,-0.39694886149342073,-0.4145436088564702,0.03387891316715058,0.4359332770441822,0.23108690022416983,-0.6259164252107912
193,0.8080243644144274,0.6380174529144815,-0.48667462676545914,0.8412611035853909,-1.6101020256739655,-1.037696815580156,-0.5757379965125069,0.19759690004356584,-0.0593469098106744,-0.3354274444136334
194,0.8030384900321016,0.6465068452518846,-1.147092354051548,0.328644939838071,-0.463041472478837,-0.9536650423654379,0.009138352758432389,0.013906649516206515,0.6397646963740471,-0.18077183396853194
195,0.8421493730072344,0.31291336029280536,-0.20572339069660509,0.14657168588093822,-0.7024018961106183,-0.55520085287023,-0.20543377341540303,0.04425983125824509,-0.4086157238267714,-0.3793466667921828
196,0.8166399658810327,0.5587384133921877,-0.531554289780217,0.4209692041113319,-0.5034989918111515,-0.5525044896999849,-0.8776043802812745,0.47764954297989687,0.03918326378238694,-0.49556414417396044
197,0.8483324256153072,0.29954592168282185,-0.4726744894579179,0.7479069334449531,-0.156974482540841,-0.0987937907629245,-0.12314878352132874,0.3314732260812965,-0.24761786529375024,-0.026622861736844194
198,0.8285694618855836,0.54504939902311,-0.538151610986873,0.26689154519142017,-0.8839872831624201,-1.0067862100018785,0.38790391618780423,0.44636991385848945,-0.3876008921564166,-0.48810706131410225
199,0.8715173593739167,0.24953138686261495,-0.18192481019468573,0.3682648337118637,-0.6776692997007212,-0.7705150049678363,-0.33151719467683916,0.4369320249260814,-0.15232670349338928,-0.6848853849692087
200,0.9426485319901311,0.38318344308880403,-0.4697594329590812,0.07193686864151422,-0.27106538883463877,-0.14894607806433657,-0.1701309017644192,0.7102068052354441,-0.2632021085393081,-0.4981512306601299
201,1.4058029581843225,0.6187159731042398,-0.7443410635056225,0.23459476550473396,-0.33104480107193757,-0.8552194932155759,-0.49436211332214997,-0.22395689349121262,0.3038131243555732,-0.17456503562542802
202,0.8375120787252877,0.8831343004019604,-0.5280366269671686,0.4451391103084088,-0.9472800313578682,-0.907082917437566,-0.1800353783444193,0.546089223969412,0.15609206803920672,-0.39623373594130623
203,0.9247868770467462,0.5689984343647547,-0.28483880372682374,0.334855222821604,-1.498403853747728,-0.5090717669102158,-0.21559416075345653,0.4090198754912206,-0.2763292683031836,-0.4617628757435637
204,0.9450066556915627,1.035973029026131,-0.5697819719384501,-0.05092373999001443,-0.9188927138632988,-1.5317412802497707,-0.47884341803850156,0.3432468472647833,-0.06929925843904765,-0.7625858115721355
205,0.8522946225183978,0.5317905318083913,-0.3168085541528427,0.2008410840146012,-1.119709683786953,-0.6172270020071594,0.1296250925883446,0.2036332158412017,-0.36574758530722984,-0.23038217685783838
206,0.8271854527768853,0.49183274093050006,-0.646972401273554,0.2205541910368389,-0.22973258581486516,-0.5320893060226082,-0.028800808977930192,0.3544515255492545,-0.271458016985371,-0.30545733623471055
207,0.7981858993526829,0.5199025133563263,-0.06996404955542748,0.12473902816735724,-0.9494803914830912,-0.6495726766994009,-1.1361925133146804,0.279744366659466,-0.17296354625801538,-0.4143300519067373
208,1.1134314885399053,0.739193684977137,-0.26259583930018754,-0.3632406521432987,-1.2399707400352709,-0.35318900447282653,-0.45838160236580666,-0.14184190186632695,0.24334063791672025,-0.5158680720070209
209,0.8196936593524944,0.43336956543596483,-0.024579049745744153,0.2737354380005975,-1.0237098941333798,-1.0039884075441978,-0.41566647926191314,0.6936408727332677,-0.3126103715146187,-0.012393145257400262
210,0.8083398612937899,0.6921923952411521,-1.2631831638661615,0.06785241624172622,-0.9232595790557728,-1.3452416127506028,-1.1173842550311464,0.1715291903042663,0.8413318408842775,-0.3909585366700221
211,0.8343062888090782,0.43378596034994366,-0.3158039690243072,0.5419685040809388,-1.2910577119379163,-1.1924283288983875,-0.8640949290117297,0.23454056120138353,0.014784535454947016,-0.6890062439603581
212,0.7965429923163476,0.535264590062714,-0.707115807331362,0.9630252076349778,-0.3912999069113485,-0.38579629088036427,-0.46192601245804843,0.09968567702746134,-0.0830176200353867,-0.027779170301193312
213,1.1431132893674403,0.24569271788425967,0.03814663712813959,0.39274222896510713,-1.222867135239817,-0.6027903354071373,-0.7450915514830453,0.28121583126810296,-0.3370027775449793,-0.12876242368045968
214,0.7995951727147439,0.6330620511796947,-0.8685436431730551,0.635618358178321,-0.6192290060347612,-0.14391684827387075,-0.646570375106623,0.21735439913876287,0.45754562663987186,-0.29617304175324
215,0.7994921309459505,0.5440442846074455,-1.2104856819964682,-0.0033502458731408113,-0.6128344886754022,-0.5581329048896476,-0.660386428658377,-0.42894325850583165,0.6160032211165785,-0.6729122426040521
216,0.8111290988925877,0.5460721856309392,-0.48845752699160444,0.1094046066143898,-0.9601809093800555,-1.1798676654187013,-0.28363748204403016,-0.2556277589125074,0.24442282343109373,-0.24336782014692454
217,2.1543575802006556,0.3438355925468267,0.010769840306274703,-0.04810589351180328,-0.3038714792922812,-1.0314502643611323,-0.1783921943933135,-0.008296198740230076,-0.41080829276021746,-0.3492346509284244
218,0.8193252971172912,0.49666233966104206,-0.8712963515937753,0.14559175226115442,-1.162527036544117,-1.667674391064415,-0.9087418375348449,1.1192418391173804,0.18038609972880515,-0.6320301353094979
219,0.9113745472746424,0.46129213682135206,-0.016418134106141236,0.7476546640895475,-1.0445847664211294,-0.19580676709878642,-0.07091111305755776,-0.07577961237784814,-0.24427504414512788,-0.07362615414263146
220,0.8042959020481345,0.6126922191586528,0.11296845492357221,0.9255786027352874,-0.7023367840879625,-0.5361823095140689,-0.29362752173408874,0.22020501982126167,-0.12249195567040652,0.36544725162999453
221,0.8124559079196675,0.6538890688530525,-0.224181850061001,0.16123953599986154,-1.009099723464658,-1.1070570914253037,-0.1710778847922847,-0.37097452368892553,0.2129907083875729,-0.27868374738094626
222,0.8029286338578596,0.5960855699087506,-0.5752734794154872,1.0821841092376485,-0.830142733358145,-0.49800324796359713,-1.2014563322355611,-0.018806197179248307,0.8928530460204654,-0.4455348717008555
223,0.8250184109751637,0.24125264586100476,-0.9399319141299355,0.25185447570086655,-0.6501333773330875,-1.3281886989092646,-1.1814939452920128,0.018839507483502493,0.7767320153967219,-0.4256278990761104
224,0.810267401172851,0.760863856744908,-0.9854958797961204,1.160506969269894,-0.3941693520838311,-0.08058229892138791,-0.5114591653150382,0.4061915125438112,-0.4274684069363328,-0.18038142483780328
225,1.5024928391577501,0.7674352722233757,-1.269100968665761,0.801348967459928,-0.010257935600901824,0.6850984496772718,-1.0521098828534394,-0.5313457175099114,0.12474782822404393,0.4123512565591202
226,0.8071497324482596,0.7367476843815822,-0.42989396999832513,0.7943159360944155,-1.201538149385033,-1.5322346120919201,-1.205020038280416,-0.3843980660741099,1.0548727568139222,-0.5254970703033788
227,1.5072402975630959,0.7413496930152628,-1.016375614834557,1.1908858505861395,-0.021304992548774715,-0.40230205468634694,-0.027619539063745924,0.06334197022067603,0.7571393125079222,0.2530123621476027
228,0.8360712524667335,0.49988594307063194,-0.6925463403824201,0.7162795312732646,-0.2755289292052582,0.5994287490446324,-0.7664228070665088,-0.19047581703727945,0.15929212511652374,0.011045924000866403
229,0.8205397755040494,0.3840370997151422,0.06496293491228078,0.16041686717852022,-0.715325853912112,-0.5312264745390908,-0.09549831382466867,0.9574407529752428,-0.699246558496898,-1.4006431489186402
230,0.7862282972519743,0.5689354205097306,-0.8516253160834582,0.9093610007063284,-0.4235563291681313,-0.9048803241732961,-0.13339972147214696,-0.24732009742022704,-0.020208799985867387,-0.3050441539584944
231,0.8167941515030813,0.7110522143746036,-1.379469232803885,0.7509806625207853,-0.551318445430629,-0.25274297433337806,-0.3650545129856914,-0.2957355797113028,0.570909934614024,0.042678963948134085
232,0.8000586182912405,0.6547590174250264,-0.27259344486842885,0.859086426770677,-0.8716867183274719,-1.2623157858536955,-1.2757305104102925,0.7457633524375479,0.4927131664054958,-0.08365469548366228
233,0.8146476197060495,0.8561243961745751,-0.5473726747595009,1.4293586586283167,-1.2230569483896894,-0.5763988255952147,-1.497166607557328,0.48302303696490057,-0.025214597281200346,-0.4600064822576643
234,0.814428525427137,0.8012786211884253,-0.7030551826565021,1.13054429845215,-0.8132333780999077,-0.5742458950405628,-1.0538180406564401,-0.14505403471106465,0.4227210851945866,-0.2227358571230984
235,0.8525961914699477,0.8301382124671273,-1.9295604665083457,0.684505663825874,-0.3445288868548981,-0.8356995737582223,-1.2324545609614277,0.008478832854462704,0.6474952191281445,0.14015298008528482
236,0.8100352628014188,0.7608091739334145,-1.074033102115342,1.028970752655609,-1.1579759789084427,-0.7823555158855766,-1.6003020200465201,-0.3048923268120613,0.06247892379431286,-0.04759429385633335
237,1.311497685901877,0.12723425787580966,-0.07140032876254887,-0.02023630670898824,-0.5816264555806744,-0.2509155751030791,0.36902816123288185,0.7915990483732974,-0.5739996035943827,-0.4828136136691771
238,0.8260372115149867,0.8383122287688729,-1.4956951547567425,1.6792586614705245,-0.44301883319153373,0.5591539899451905,-0.554479983480901,-0.35050940214008136,0.6836032432727115,0.27729755892339136
239,0.8287935002729757,0.46591535848107696,-0.6552812088624159,0.6625160229765487,-1.1355315024516326,-0.8716976360208488,-1.38411916512674,0.36143587700404706,0.8377344299337418,-0.3485634074742624
240,1000000.0,0.4876570242386331,-0.03477170590334666,0.8051905916464587,-0.5210224512974232,-0.5840537747640943,-0.02519450037470028,0.5305352427904707,-0.013687879317290652,-0.27454248722294095
241,1000000.0,0.7209713567745869,-0.7094791155887357,0.9491082436844291,-0.6132297687587496,-0.9157198961371548,-1.2534791077186986,0.11136596225963803,0.49200307586772285,0.7650395863705894
242,1000000.0,0.7226614732146227,-1.2594961595761291,1.1354243180336154,-0.6187210922457399,-0.9280238087336342,-1.0100655922024944,0.3894707893148426,0.6571993921324343,-0.5565349349889093
243,1000000.0,0.4209453894990248,-0.4386116082644578,0.14479793424195742,-0.8366429663545342,-1.3942255841497473,-0.5943911145963048,1.0487055802696668,0.19759478071134315,-0.6325071761432084
244,1000000.0,0.7298837312977837,-1.1897142913324616,0.6445928162059512,-0.2519607985029323,-1.3530870503685901,-1.329313248417516,-0.3794801193797849,1.078832742906751,0.24495439190607432
245,1000000.0,0.523707486784944,-0.9299794251595496,0.07501636769666975,-0.5237058937993971,-0.9365857217646458,-0.9584832690788732,-0.01733225318474286,0.20005079567403583,-0.5854931379969122
246,1000000.0,1.1595981437885627,-0.21640668618786946,1.117149917812756,-1.1931211948523592,-2.5738949618850087,-1.6086060599165597,-0.2351994782753626,1.3265843396372845,-0.14153465794701323
247,1000000.0,0.3378961498792477,-0.8233166477281897,0.6134157858403568,-0.32164843734666076,-0.47394808085018125,-0.904274336779268,-0.5341309167052942,0.7015615387921583,-0.9127954393566038
248,1000000.0,0.5162912351364904,-1.465210328603797,0.8595472026811215,-0.3311017937291009,-0.2531506027061895,-0.09767541439905603,-0.8615625893907511,0.3032179344508611,-0.5115337658528141
249,1000000.0,1.1187463901758021,-1.2419817545057596,1.4766757767249779,-0.6111259375988696,-0.8173102620186569,-0.746137227364791,-0.9023499611429293,0.9108817082036402,0.24696999536590597
250,1000000.0,1.2851467173924798,-0.7780324485297865,1.0219028938060886,-0.04296976149237186,-0.31729352956705514,-0.05001151926771896,0.08356370943096289,-0.1197766044872145,-0.348404880063617
251,1000000.0,0.0923507473608699,-0.2571811945970991,0.2318157129096119,-0.6618274770478054,-0.27654955799319003,-0.4034033085126668,0.4939401362721365,0.19550827901134304,0.1540507401502943
252,1000000.0,0.7823079738766426,-1.4268855559847706,0.7423872708220096,-1.2697747324855448,-1.7260172535226186,-0.8439227601813333,0.05010993295413599,0.23382713268305105,0.08312383476158658
253,1000000.0,0.4815914864125299,-0.6110465703137525,0.47813804816242866,-0.44261874539395474,-1.4721016006806846,-0.4316906314881767,-0.027425848437053507,-0.5095248420337513,0.6414644707456856
254,1000000.0,0.3794086350678917,0.7754885915787989,1.079142475056949,-0.7163199374658276,-0.6985790748102175,0.49721436014928166,0.3757865272181443,-0.47090668768211746,0.08917287287691239
255,1000000.0,0.6029641268974454,-0.5626493831021742,0.9644080577387846,-0.5455125128584917,-1.4315389199965387,-0.41766051450173713,0.046419346745818046,-0.2630451368866335,-0.5394314081715372
256,1.11227611041429,1.2649307844686182,-0.3440866896806891,1.7543970536698499,-1.416196469024408,-1.7833218099252757,-0.793375605006319,0.04381058211231187,0.9535486317213775,-0.044114990940781064
257,0.9483678207124421,0.34239535894048445,-0.6958853967328688,0.5534867042173209,-1.0351183728671307,-1.5497682596233964,-0.8371197084161922,0.39445158098028194,0.4695669216861017,0.4519094215435751
258,0.8470589067124743,0.25305278693134864,-0.8070161133068344,0.9604783934141778,-0.41727753547453844,-0.44910151447475727,-0.42394238971562187,-0.2400029369018188,0.2999796312192149,-0.05320388077683504
259,0.8411021578853805,0.6159500996961884,-0.4901940929494961,-0.046800336201978654,-0.38702282492187934,-0.919641045688172,0.3737321184330967,0.8096900698394076,0.15091393035656397,-0.16844036145424346
260,1.9899314903947374,0.6248522200447103,0.13749493862856488,0.4053949672895349,-0.40006136351857,-1.1572688036657839,-0.4193901649996604,0.37553840053201815,0.15530713823604725,-0.3688293131752527
261,1.1689653352561027,0.8833511556687194,-0.7641436103114831,0.5470182370247405,-0.46653283523609385,-1.7059138476459608,-0.6144648578827516,0.6145965647321873,0.5717071553446895,-0.5370386297939735
262,1.4686143861600507,0.5457222233396416,-0.5887592868359521,0.735058228494895,-0.12284607828733773,-0.461410515453765,-0.26566861625560806,0.6551879214668985,0.15159750024791652,-0.008372212179573929
263,0.8417380714416772,1.0187297359115142,-0.4740720770687603,1.3813592436809008,-1.0377250293937013,-1.6073376177166279,-1.3329427802524803,0.7576773599473812,0.047696129122499986,-0.03022087154087827
264,0.8043368721377395,0.5975429860117217,-1.4742332400291003,1.151209717473179,-0.9605780311399688,-1.9594879209981797,-0.5577345614864035,0.24215753037711665,0.7732819969023486,0.015129512865109565
265,0.8196945658760318,0.3934382986652074,-0.46645884623159145,0.2669436988377881,-0.29879299620818,-0.7162929865688463,-0.07268031755123172,0.565330830075222,-0.2802393157141501,-0.27639816884688334
266,1.217981727703821,1.3664169033412576,-0.15616038233795498,1.3236230143506893,-1.174871480773677,-1.0686608500165369,-1.2730791758784887,0.7689937903875306,0.5300183487400851,-0.26543067729498204
267,0.8210854152958582,0.5099475703975285,-0.36177129132488806,1.5433377667430905,-1.448728738039489,-1.144147439118823,-0.9181657403543737,-0.17446633868531908,0.16026994901715888,-0.8784913653393922
268,0.7892734266609267,0.5115672043080876,-0.4264914273860076,1.3192610227005042,-0.391421262927386,-0.5337764108000375,-0.3503602719167085,0.8805586465202144,-0.9500360395280878,-0.3427904014147226
269,0.8132839110535622,0.2728604727694317,-0.8181263473361593,0.17637052660126018,-0.6889356145595588,-1.4808087075853653,-1.1424135179303672,1.0034670593910828,-0.1330509013853614,-0.12480253972897927
270,0.8120770591363586,0.5495761926982554,-0.8179579990832319,1.278124483923384,-1.0095971831545671,-1.170918107326008,-0.8640825147602923,-0.21121517734882328,0.8383743761740532,0.3221701547416666
271,0.8627989770886084,0.3660125016496911,-1.1446494698217302,0.7261169458333281,-0.4117378350936992,-0.26884678693387987,0.16315915445219809,-0.2840767019166493,-0.3971006167323767,0.36094569129714255
272,1.11227611041429,0.13489125936506408,-0.2893885664743898,0.3058860007485291,-0.3706225470618825,-0.6217835964894044,-0.954210026134499,0.3316968568426689,-0.3208625172884922,-0.5451457082968398
273,0.8105240890360265,0.7625354126982449,-0.8580798239039845,1.0257840368589306,-0.6696098684673958,-0.6994583423178689,-0.45636305023521717,0.5237971099945262,-0.5057149897496998,-0.19809286496779072
274,0.8470589067124743,0.5685918070121295,-0.5933420679557266,1.5883546494732597,-0.5498802965720514,-1.281551889810882,-0.5044092357853551,0.6624289318170343,0.05996299200353444,-0.6462150908780977
275,0.8411021578853805,0.35961483953990403,-1.7137005380479995,1.1103139842352485,-0.6051680275162868,-1.4140387267512171,-0.37991105850841406,0.514130413535092,0.3152572168225995,0.35102080607558944
276,1.9899314903947374,0.3975514511954593,-0.6052762902765096,0.8952853520895453,-0.9688346331161161,-0.9992779188949811,-0.0112090332924204,0.31541468701891867,-0.37417242845166154,0.3890186686532687
277,0.8851525203189653,0.5043319918907809,-0.8135600063531583,0.24765182092491977,-1.0153896669049427,-0.2009511560404068,-0.6591379075566619,0.8194064042705131,0.20634580227606564,0.003110339476304569
278,0.8017936254489075,0.6471195572047332,-1.1365280083144182,0.7545742389321378,-1.058404922729538,-1.5365680164243198,-0.5846261601950613,0.025648824471755427,-0.09784858231194929,0.23105536715996894
279,0.8026938583735355,0.5769561892805772,-0.2859183962776207,2.3014793176376385,-1.1195917877704922,-1.7116023043354067,-1.5082609604986645,1.369246973703411,-0.19344098341865512,-0.08517377936456044
280,0.9147518483370859,0.3366661948245757,-0.665181557316156,0.8968981391736491,-1.08817090475209,-1.4834223888841,-0.8695033480088722,0.882608205537449,-0.37675114913832847,-0.6160547788382091
281,2.1178542832264338,0.040201739018835114,-1.328868254837116,0.6194373942013505,-0.7731887320372182,-0.8371682865512062,0.9427986300116121,0.43492760977755335,-0.5847884786416078,-0.7246508697284733
282,1.217981727703821,0.3863926187092481,0.19457856413328112,0.7793927314101904,-0.6539537850548065,-1.605956254824608,-0.15390821225402124,0.4163996237782945,-0.34483591177460166,-0.8977052556770317
283,0.7976681038061542,0.6663727544912991,-0.42663911268497146,0.9463446092710478,-0.7227177624990491,-0.9906954518747834,-0.4320392598600964,1.0578928182864613,-0.3959014966240005,-0.07380007089649256
284,0.7892734266609267,0.7614151819193355,-0.7744678208208718,0.2804447149110032,-0.8320375696662846,-1.3542252081389994,-0.3716566651060098,0.9815000690980615,-0.0006982213516770891,-0.4214592060065312
285,0.8132839110535622,0.5313425414967551,-0.7492311311254417,1.1759558561895815,-1.0169184790756696,-1.9273364887765119,-1.8236531252909645,0.34678954978978105,0.027087730519153114,-0.21214902184157794
286,0.8120770591363586,0.3032597546465143,-1.033674200785119,0.8277015197328279,-0.38171970328578364,-0.7245537890826852,0.007003513358622038,0.37817486120335414,-0.2783541675285143,-0.29244534159295354
287,0.8627989770886084,0.3281054266186466,-1.1349763683199778,1.4054481131536514,-0.6307644551837988,-1.8833467468209628,-1.276809113079119,0.722761689446179,0.2813050406949619,0.04033643664870598
288,0.8236908259617661,0.5599944720992642,-0.3690595529873982,1.0112267424312686,-1.0619338841573693,-0.8188640750796271,-0.3057600765888747,0.10282196433784085,0.23470247525055662,-0.11101063973450126
289,0.8398578911827536,0.9943052168242518,-0.212309752116838,0.9153815649817367,-1.3886605339821396,-1.684531679229387,-0.7996333563341597,0.49985376240871643,0.34265900851019127,-0.1781042780079587
290,0.7894435821555104,0.451067563932966,-0.507122724078659,1.1062396650976218,-0.6393697770181255,-1.4462957011342668,-0.4283226823310542,1.0876337918901247,-0.25686603801434366,-0.1478408887238456
291,0.8232225350091423,0.2630358404227743,-0.8084968630684797,0.9789203684264155,-0.008202265420957144,-0.24059715025147455,-0.43195513018397536,0.8624699377402026,-0.5031204689331565,-0.3567277260676892
292,0.8839333891438002,0.33842020655307714,-1.1191083444887173,1.186077103163172,-0.8003004841176241,-0.8243359573941915,-0.7529104414565604,1.3907712693912824,-0.36007964084276844,-0.05702610697062359
293,0.7925095280536134,0.497781758564534,-0.6162647142414223,0.9057580494595581,-0.626720252821697,-1.1939226015342812,-0.632353681017869,0.7433029931562151,0.6793149803643078,-0.001955637087719203
294,0.8015284508305066,0.6984840425867251,-0.43267476412901484,0.9345475213225211,-1.1558683344748357,-1.4786414417906695,-1.2975515875115704,-0.3050099849959491,-0.10974484600572701,-0.06566039239659004
295,0.810134134858212,0.7682387705577463,-1.4191192041676404,0.52223599163436,-1.0807607798698968,-1.4032177165681399,-1.052899959206145,0.2063652194053962,-0.10885565013058533,-0.11029810290354741
296,0.7960088000505571,0.6454779329427079,-0.46978410163193096,0.6281034816399491,-0.8318579538359686,-1.5680608510314462,-0.37555140454631664,0.4532471402713713,0.24180429781288817,0.20734737651336516
297,0.7885180192416303,0.52915209190428,-0.5963528166783576,0.8459869324304887,-0.5398987920856819,-1.4290782993639706,-0.7347312016858456,0.3921662270990841,0.48275413328967376,-0.30287046933632655
298,0.7971287224920298,0.5643789004095516,-0.8152717537895121,0.3926650306637679,-0.3997243697720697,-1.2431901577900633,-0.237262465344254,0.4667431554408685,-0.09018827677286159,-0.3849692966613748
299,0.8049134864693442,0.7527914181912388,-1.1851801640931336,0.8764043304230331,-1.1077899554518946,-1.6817195090586656,0.06022754111488937,0.3004250410505895,-0.44469011908441347,-0.7509839755972246
300,1.9379085511087273,0.5861931640269726,-0.6145108484587832,0.15321028034476458,-0.19457552026303315,-0.8631150135030502,-0.08238719319043791,0.43640934924784497,0.17952989377511744,0.46552707913080904
301,0.857049100134462,0.39307464327644503,-0.6814563360419748,0.6935624870076658,-1.164578233892835,-1.2707657942087378,-0.1857647997607899,1.3258411930090388,-0.15229117621644758,0.18681920402621016
302,0.798611497811938,0.5511467165959839,-0.6574712636213237,1.2531061447083987,-1.1004458282962215,-2.042302774334191,-0.9136516520756073,1.0550710470474525,-0.8051379093556421,-0.34843136381224843
303,0.9424334401556276,0.280144707813831,-0.4313707624263671,0.398906664463401,-0.6573794787231262,-1.0329785508351517,0.33803991290749213,0.6121045654815047,-0.38597910165759075,0.42887075635376404
304,0.7860185643403125,0.5239039052497474,-0.8709007710797392,0.9617140247811827,-0.5391379192901541,-1.3437646791063513,-0.7919017411108147,0.9142374805313909,-0.4528560791142101,-0.12021034826108655
305,2.728485488011434,0.8646629197512895,-0.7200567246893634,0.09810606357782259,-0.22597981843762682,-1.2648550346891052,-0.7186004109915596,0.7756483171622752,0.05068692900818403,0.017116454412914095
306,1.7637745823428588,0.266719411317927,-0.6793186462496037,0.4643659521667009,0.03338336118515817,-1.3703573764918024,0.05347173362856483,0.6899103009275858,-0.36206365315701916,-0.013189249917713336
307,0.8089509705528444,0.17411077182947465,0.11651638220052263,0.6904500314922182,-0.5132925241133592,-1.4209624190542933,-0.5056290034658174,1.0913800259370268,-0.3055838136506295,-0.44725029181898757
308,0.8207525435023335,0.7224088883611743,-0.19524063265985958,1.2063900565823842,-0.556947632909626,-1.191084837900488,-0.5476086060492112,1.0438437447806426,0.6278127674254175,0.0788895075862949
309,0.7929562068348339,0.5366234727643103,0.06959771755932931,0.8667681222342635,-0.9601952981934407,-1.605221393231721,-1.3046860856727656,0.9510830035637114,-0.3336333309627776,-0.24377409893878071
310,0.8068609500177695,0.5818663661062811,-0.6270176988885819,0.019287694692600166,-0.9641875011865129,-1.109821665075265,-0.5401132310693444,-0.17478979862404498,0.29174741854526187,-0.715126333451459
311,0.7965509116575499,0.5890126452355023,-0.6435878154126425,1.4528053765276028,-0.6900870719521679,-0.9768032941044491,-0.9016407711009267,0.4125045567232307,1.1779609371332962,-0.5003268023841122
312,1.2467667255660406,0.9714154191060049,-0.22711259586643706,0.21140625332371343,-0.6813295849151096,-1.3119120421656443,-0.7950832329822568,0.6592136488310603,-0.007562513527860026,0.018578985175638107
313,2.1604642312562796,0.7211087778532494,0.2029071619283247,0.22723137476493271,-0.19692498589225582,-0.781238501101092,0.04085674261655603,1.5713782410240777,-0.37041465152648245,-0.9284344087133154
314,0.813533608443897,0.7787874166103395,-0.46736738886838325,0.5084088179118438,-0.7682649934949413,-1.496334085844744,-0.6903410239839541,1.4699769549605297,-0.5828797741146293,0.3919720981350039
315,0.8141308026734884,0.7355505661044881,-1.0830492048052442,0.7944151815284718,-0.5303340387217519,-2.007503204738465,-1.083533662072583,0.9839788781133181,0.65082979870358,0.5932485262293528
316,3.759222613258277,0.43554403952066995,-0.7550125758628492,0.07517014766543695,-0.20379303583108205,-1.6442715111085477,-0.7614240040624599,1.3281806708443906,0.4753458104430519,-0.15288530657097918
317,0.8343236502921008,0.5085207428393017,-0.22408885707173337,0.8010168649922116,-0.26334167112622825,-0.770487034768962,-0.9903991350045662,1.6110557480126781,-0.8116238087046646,-0.38070912946898394
318,0.7992304270299008,0.5521553638948229,-1.0069368942239478,1.1780355276149133,-0.7490693043591142,-1.7771073507336215,-1.521771413603188,0.416617781960146,0.7067327936907175,-0.08610010373960231
319,2.469115106313227,0.41200155253075527,-0.9903499353661165,0.7742051942753256,-0.06116387975567761,-0.9821094372584411,-0.14808852917017346,0.050798843629049184,0.7244743958197625,0.1568263114320362
320,0.7991530373925329,0.6941128194468542,-1.0169550441733712,0.3493915880993672,-0.7268818695099017,-1.4845091666649353,-0.6930208972959367,0.3513899288801319,-0.01390777827682179,-0.33865969361936393
321,1.8616191056318818,0.055163743872280124,-0.5598793182718385,1.0086095040380632,-0.8955781837802947,-1.6904433923728002,-0.9268758924530703,0.14168036544045726,0.42904718968204825,-0.46603387381681927
322,0.8034070653399144,0.69528913569823,-0.9186370718977982,1.262728128467105,-0.7095215322817426,-0.5223483662561823,-1.221469712991881,0.26699238312237017,0.3445878415942113,0.12467502674689299
323,1.161459411401714,0.8444035695408632,0.11213792203511852,0.8151473219104168,-0.5821461381768054,-1.2353955190256434,-0.9112754694474354,0.391810895435921,-0.023409761213291205,0.39527579492889164
324,3.3877287743109514,0.6271194650678994,-0.25620122886760516,0.5797391885072642,-0.14310188402911628,-0.7039919802530452,-0.34977348396308805,0.4043615284828858,0.6518094742461045,-0.45629422889849136
325,0.8108149852492351,0.770398291621759,-0.34520566815089143,1.198648811481335,-1.1447188564812258,-1.3558106401593257,-0.7680541780980092,0.6652066564855373,-0.014808872421184081,0.04622541226735841
326,0.8030510579726942,0.6916082464344198,-0.340059545448776,0.5180938711479653,-1.085725060985878,-1.3334943402408996,-0.5396055109290543,0.8375323175304561,-0.4557259552394667,-0.17255453849004304
327,0.8137829971297015,0.617470025553633,-0.1948414873698141,0.6790012458037193,-0.5705928268183399,-0.9571194599760883,-1.1603390434826575,0.40910278403124034,-0.4816157866833697,-0.2311633036980572
328,0.8432081450774261,0.3584811104632829,-1.147233538745227,0.6442073889231442,-1.055731772505702,-1.591381824643225,-0.9645260963714105,0.34561193379056127,-0.46258483797695016,-1.0016207736593983
329,0.8054812615852347,0.3637875705493676,-0.5029106154913173,1.276927481251239,-0.6425641260921643,-1.3940696904887504,-1.997863863327859,0.5276971041128296,-0.463491747932837,0.10411632504595733
330,0.8100356499108545,0.5386656428798153,-0.44525176366816477,1.130917040714579,-1.0757646134618264,-1.601483443685132,-0.7726588105151394,0.12843001824395017,0.4633397078563106,-0.03503639881709433
331,0.8021093917473413,0.5243208840283388,-1.0849659174987711,0.7759285813599879,-0.808001765963969,-1.5987004693052471,-0.8537929673453055,0.7290278065771456,0.19287369661197634,-0.17620651113260627
332,1.0533957281094015,0.5457457571655154,0.13773760256598588,0.9176864702308949,-0.4231321443095163,-1.2258641106369244,-0.5962017369987134,1.3608583508054068,-0.09956545450625526,-0.33228791163998483
333,0.8001038095430365,0.6868071118666332,-0.6179799731570893,1.194006360909882,-0.8717519066344259,-2.081080210542069,-1.240684037446398,0.8212807941924241,0.22992905100129374,-0.12584153254113392
334,0.8062583907562986,0.23478149354418648,-0.7816541680166764,1.4765313723538336,-0.35350104069399824,-1.2278790716349248,-1.335420203776276,1.0348360981307063,0.15216733277671826,-0.12012394829349715
335,0.7996831784722962,0.6761740319427336,-0.3671288551988622,1.3932108380068906,-0.7438465761131008,-1.1927061497945606,-1.6731086212744533,0.16229601790206827,-0.5825136648748038,-0.9053284289710175
