0,2.1067399279142665,0.007236887375920837,-0.11551925775178551,0.04112069820109296,0.08652201410129502,0.015019340466273687,0.05923946559106477,-0.013321153597795735,0.23097767993960325,-0.14477182688309054
1,1.6292257856399657,-0.0787781238410486,-0.022835705133324734,0.10972459265153503,0.07585066372309093,-0.08879361287877685,-0.050976001684398156,-0.034629264956689644,-0.05319354794877689,0.12682133807849472
2,1.3205071725573003,-0.007679983353101805,0.024582549033199258,0.08822179086615929,-0.08705542801806726,-0.02485722722879222,0.05604142394972361,0.14600611502611763,0.129710927864047,0.020379407456034157
3,1.2217891283396727,-0.033263355596007314,0.10317039328637934,0.11050852321820442,-0.011714915233523505,-0.09638733517310488,0.20284601144323103,-0.02267384229640325,0.02577604077731535,-0.1708815939685406
4,2.1015833207878325,0.05797724528879633,0.17900124070954465,-0.16434677759082872,-0.021541292331374487,0.056669944848564816,-0.04329399811955115,0.025897696008736006,-0.05255495636127773,0.003365282468843216
5,1.6647829640708365,0.14701064566450123,-0.03268344089258901,-0.09597862427789944,-0.06302216577286565,-0.03467371746636294,0.05534952836901559,0.0564899970649223,0.14083375544826568,0.056067479195925855
6,1.6659909939313753,-0.03274910288727278,-0.17053820689272253,-0.0006424283205994116,0.08545658786900318,0.07139922206948339,-0.07493260352798407,0.07499945253483901,-0.13990236390042818,-0.1398388200008486
7,2.3675121114473963,0.14839031081131512,-0.06990239175945014,-0.05042485949598638,0.11350263381890512,-0.10336449202522485,0.1163110618586353,0.05529062289879081,0.1697432011642583,0.15922555043757475
8,1.9086862777121483,0.0492738062436328,-0.01975805753717367,0.014998228048483898,0.0862442329062703,0.013556983904367837,0.12846025760320023,-0.017557572598995187,0.1224108073969062,-0.006734575782259302
9,1.483460570603983,-0.056507757341575426,-0.21544536582797535,-0.038568334388000475,-0.11571587112413945,-0.01772747734577834,-0.10444799864423573,0.18165182898769117,0.06608734221471961,0.007462361547312707
10,1.1553508232647245,0.011410595918490042,0.08884377656731678,0.042809849166884836,-0.12478809966560347,0.1340154769950793,-0.10806101702799893,-0.15073685112405108,-0.06765134598881757,-0.09916143943238151
11,1.1840975371274165,0.007914889370945567,0.10415527720564721,0.08269134768557092,-0.040169584463335746,0.18099391236769494,0.26280828956129687,-0.09574038978863421,0.2508287031566344,-0.0156087581939073
12,1.764964037262115,0.06746222190322214,0.06486921070575123,0.042430266467543304,-0.03840179547513422,0.04983419579056216,-0.04511907726425114,0.038684576940789944,0.17611700104882086,0.014791467690458355
13,1.9465534142759442,0.006368510678029533,0.17876784514603095,0.027548399636029022,0.04963955397704026,0.11264894937022632,-0.0603547626070772,-0.11320745515331157,0.015279272963251357,-0.11878325681885671
14,2.503690408732206,0.17447528997883624,0.060255677771087604,-0.14763697017890026,0.13003672030880958,-0.08163840034623028,0.21740888710566356,-0.1307394538813381,0.09850807459515913,0.04520163084302691
15,2.242224967124023,0.06670629321237598,0.07598043423650076,-0.006195069420849557,0.09392919895642941,0.07195995914366515,-0.07752695409228846,0.13235284770419717,0.010068484038013695,0.016330214031976945
16,1.0392067421614133,-0.04662138398785556,0.11154808556733375,0.07176038124524688,-0.14872187541179016,0.028014184166940945,0.06695436938177177,0.11938269363349718,0.012343864555867362,-0.11522777225049388
17,1.6796286453713336,0.1512680183994659,-0.11442636786757561,-0.04986022610645334,0.06686933604112441,0.12151692706540032,0.009867126169546714,-0.21308850558735842,0.011501063599790001,-0.04639079070970541
18,1.2699963512042107,-0.01722354217176694,0.055117002499024965,0.14931810782349905,0.013082387718356459,0.023137254845183322,0.12293885080156271,-0.2541181834462969,0.11761359897327157,-0.042537207801340016
19,1.4282250303292436,0.021135824706590978,-0.008395111282994458,0.001670253208084796,0.03145254396494583,0.019531535878003194,0.09205901120174398,-0.024376333013676522,-0.08972625190909372,-0.1361971894780873
20,0.7070236335026131,-0.028621115873226702,0.15118400071504118,-0.03969818472578178,-0.34751104888502116,0.04189534333154568,0.13724138568410715,-0.15619598503441023,0.16622457849774316,-0.18187826553169695
21,1.5854630588715388,-0.055142818608754245,0.15224242609756866,-0.037631430919965236,-0.03913048306375946,-0.021360575752821534,0.019877643998986547,-0.1477977315092904,-0.03188282856067801,0.11473348971372907
22,0.6985966026173148,-0.022766315922678818,-0.0656077589771336,0.16963246754342487,-0.20046356486975161,0.26865010030386793,0.13302462942272877,-0.059422025379011575,-0.019415604646590402,-0.002466470742543865
23,1.4545230452554445,0.09567626780062555,0.031034148630310475,0.046411967062350984,0.05561270055644489,-0.01750277541382897,0.02987981112624526,-0.1374106814348353,-0.08606328739353797,-0.03808017638861812
24,1.4826588424364122,-0.13117182447239759,0.007592999920697618,-0.14958629081080846,-0.06688057105740056,0.07339123131427873,0.0871150737896347,-0.08510886472355027,-0.08713403249004323,-0.06358192360760087
25,2.1742005468635917,-0.05760917855512255,-0.1159450708277271,-0.02222627277225335,0.10162632581768666,-0.06272993618165014,-0.014743131515393124,-0.06340733599484641,0.04953447848000694,-0.011986192696214405
26,1.185024976874457,0.16103332658314876,0.24644594003962444,0.09458225953512042,-0.18468320731604743,0.09018536896145296,-0.06416019281192147,0.03606494301751226,0.17745409419189728,-0.05345963754910387
27,1.2970991579736957,0.09486864776639421,-0.0364987771856841,0.1505245204384158,0.06411890491714925,-0.05521213377493832,0.02256537396214187,-0.011382792349639567,-0.061353522450179936,0.027154566252907804
28,0.7423460625462598,-0.19340439383636643,-0.0637012580448594,0.18210442933788007,-0.0358465473961119,0.24385144276445553,0.1908352635503281,-0.14442010748733786,-0.03260099258618828,0.056345376157263545
29,1.126135489978842,0.12027319766070457,-0.06307844157076965,0.0845695641139726,-0.09368990857912735,0.005228709107082188,0.029742578060857096,0.026826961800696825,0.07502630468683592,0.04696651490209785
30,0.7220863230821318,-0.09225330241623264,-0.020250072074176034,0.1946496195143373,-0.12157894772304262,0.05589234754491258,0.1714697641943504,-0.19109608230465805,0.04713557276340327,0.09542711870578582
31,1.382421922382364,-0.1119695985544932,0.04597386014732822,0.1331058927929915,-0.024964554235167934,0.1911145571724484,0.031769521795087935,0.04632234595674653,0.09902421993478466,-0.01737832707035647
32,0.7001010739360639,-0.06061440824167573,-0.0388862679955541,0.19575519976426042,-0.11313859152245874,0.2157741159684114,0.3192498109746454,-0.051715439017848,-0.011260382010514637,0.026855006491191536
33,0.817061920228303,-0.12182799001165404,-0.04899371622058489,-0.04699891570421047,-0.25879956736224774,0.0798622320687644,0.0007923183638817721,-0.03399103093998568,-0.018270120094457915,-0.07764643588821624
34,0.6983711757695693,0.061697015784969785,-0.05654907812304823,0.0916238780185443,-0.3009367504355188,0.0697700593653126,0.059443169917287875,-0.1425429571730117,0.07848912653219955,0.012377165230743174
35,0.6991680164755576,-0.05242984348149325,0.2691816218525785,0.3326614047990475,-0.17451994676043886,0.0016136140590025105,0.17919384478741998,-0.30671456703084626,0.09281721771722834,0.07420626902648683
36,0.8840456370513339,-0.13161101584270396,-0.08156838657944149,0.006227455888924094,-0.12298649589043244,0.16300695160363823,0.18814293190870235,-0.07146164827420139,0.03823226448751997,0.1798712449916473
37,0.7086962471898147,-0.15112045441111974,0.10120571627580728,0.22473844999681575,-0.12039834688040156,0.30287887760001825,0.3716067215590826,-0.0017738351257918505,0.21968651339383902,0.06975527627367366
38,0.7065362263761698,0.034133998006390616,-0.20381986124760829,0.16542035273604314,-0.1795041859522905,-0.05507512821090191,0.11899434234279427,0.062259183679510416,-0.059155227335616775,-0.2474885643320289
39,0.6860857088901426,-0.15828422788612204,-0.017825407747627715,-0.010439021689399142,-0.2860961381298804,-0.05189249888619185,0.38044375799870056,-0.10491148328652093,0.009113419556437088,0.04435008066861368
40,0.7248003336154639,-0.022131168928794867,0.03941606684004578,0.11978849494009426,-0.2264791057317047,0.022809782607839946,0.11947570703448411,-0.03365586582705709,0.1223783282891445,0.13511496784930238
41,0.6972604321505163,-0.12025241506626119,-0.09128556383263565,0.12440348711943465,-0.1686088048794504,0.4115474987478682,0.3446282809648381,0.012103129707451393,0.11927444617754361,-0.14313045452921871
42,0.7040162352494835,-0.012081986492606098,0.023802539201340605,0.021952567062965653,-0.2935910589000387,0.13161963670876334,0.030071227457326474,-0.26126706328897975,-0.039980473071675626,0.08616324851691826
43,1.1613701827924647,0.02628774956949894,-0.0019906191886509064,0.046333380048536266,-0.07205286791668752,0.16140540449215968,0.08799114554722526,-0.012950140201780036,0.036714654279614345,0.22532012006977045
44,0.6777338997518492,0.1593955283893719,0.02902366505663445,0.2122284953959047,-0.38637990241345654,0.026854351285427333,0.1775583225320817,-0.020472526669360475,0.14971712924672775,-0.11023973997813556
45,0.6779695957360666,-0.07630265333727064,-0.05307542329933432,0.1848223893155771,-0.29335059813645414,0.19557860898962184,0.18641839439878766,-0.09495410101558074,-0.040915122915729185,0.137994536484385
46,0.6971247708734267,0.0070208209757532045,-0.024538817399075975,0.23049884685259037,-0.25046163465323523,0.30210378548275396,0.1174380254470005,-0.11843747653433007,0.28511951113127376,-0.15157122333587972
47,1.7893692358627917,0.01237824677682784,0.0738046701018694,-0.1850964527858587,-0.03998472642364462,0.036459119274210985,0.063239342720456,-0.0695723077407304,-0.03710791189801478,-0.2658887919363283
48,0.6729423162629774,-0.0021390493360825026,0.13427329042475905,0.21519319884908913,-0.49550785871520164,0.07067784499758384,0.16899324520372783,-0.06669713673294386,0.10602704663385001,0.014892464634931796
49,0.9342453904884535,-0.127793737115658,0.007948813522043983,0.05621900300255757,-0.21480578561260216,0.25600898750840695,0.02656682341871533,-0.08343803741757072,0.2734731042447025,-0.18821974806935748
50,0.6741274056204628,0.13210584471607925,0.013877130034987403,0.2043517261789935,-0.46638307006528773,0.11885473039629231,0.11688955728967305,-0.2261370564622982,0.2813438310082931,-0.03609505476141091
51,0.68729291964676,-0.11883459486808906,-0.015758399609034468,-0.061599220889541145,-0.42835515627969645,0.19230520536863804,0.2934245132533504,-0.12248018220017548,0.3924279455677494,0.04391123081892763
52,0.6884459972637069,-0.06969053327516359,0.057329330278873894,0.34142134592089474,-0.14044748952805605,0.35860586850678866,0.2340956414611011,-0.3455041467905988,0.18399984674025416,-0.13035268211448733
53,0.6713734894508647,-0.13267552803075724,-0.13675315339330307,0.2302166385216209,-0.4291378914313196,0.008270627926706409,0.5039391271983952,-0.102325178755046,0.0902681225934714,-0.15409440130795676
54,0.8712320350270965,0.013474918252355172,0.25836825120862456,0.4299968663965389,0.0886164430821395,0.25550216104451995,-0.014898173268006909,-0.1709746837047288,-0.17619665290993178,0.049072280706117855
55,1.365301634751909,0.24754829647899754,0.08647253561741164,0.18943586730157436,0.014661706611614367,-0.11731691934036606,0.12307803505808496,0.14895079165133668,0.15925292317498319,-0.09781709120388787
56,0.6791177911313523,0.051235046243484766,-0.06924160235768297,0.2074271495829636,-0.28385753556811577,0.24202293514094245,0.25021196441174115,-0.19363668614017399,0.15021026188976386,-0.30669200921539186
57,0.6828725491835206,0.025055579374389757,-0.01974380397433905,0.1809104231007719,-0.5039302865887149,0.2639550238404923,0.24661908405410904,-0.18653525188157738,-0.07877700545914404,0.011702398106275012
58,0.6898872540766398,-0.10749581244797488,0.08547173944828176,0.3450983932277656,-0.24910223676688403,0.0939106152026798,0.0032337556702624337,-0.08703595938834717,0.04817081061223895,0.13479817025840993
59,0.8377534958840303,-0.0515511151544479,0.11743456922096772,0.06664017618305376,-0.24011943251198709,0.18515182748734327,0.11020437163422354,0.07539901481167147,0.26661085272016516,-0.3039131954251477
60,0.6782356495988209,0.0016160323644893938,-0.014211693218077973,0.205016589083729,-0.30867888764539414,0.073880701262075,0.24661967333980947,-0.14442344380107558,0.1150831951078695,-0.14494198792231422
61,0.7322936411582587,0.04065965238156142,-0.00375417669333115,0.18901311119289818,-0.12431131721604999,0.11494284522702915,0.20212710211091459,0.0016770809446025742,0.11271771891864012,0.07240870644177785
62,0.6753989475947461,-0.08708822640533537,0.003165054459687242,0.16456532323345105,-0.4613139310351678,-0.04158889927490905,0.05068526666800277,-0.02902265332161158,0.4389651868402843,-0.30902205795745913
63,1.0118758643542685,0.05037853783592912,0.06551658305230881,0.13436162102429755,-0.1538314325296599,0.15561923854467175,0.09962460926400467,0.05152038381531654,0.2765719937926989,0.003351034299434997
64,0.679137199707661,0.17790308225044232,-0.16554674980351627,0.2676981681726034,-0.2908380904896452,0.2517917211603812,0.1336634327472831,-0.05066632834372081,0.055002147154590036,0.18296395739154037
65,0.6775648780136581,-0.1647895876693664,-0.220708173060441,0.21088574782921954,-0.29275028076854703,-0.14664282298415554,0.22901357047985615,-0.03671173025441174,0.11488294062612793,-0.195855986207708
66,0.6727824615182233,0.22229275856317246,-0.5003553149424508,0.45466525364135857,-0.7451541507048529,-0.014661559500479607,0.08298439592400436,0.04335408880949994,0.18200346926739586,0.03454228902428112
67,0.6707360866545086,0.0010150545858354197,-0.18955819590204867,0.3158249594978865,-0.48097400447255123,-0.0861948512928775,0.14902895804835825,-0.09461141300040694,0.40215152926278597,-0.12119680056489171
68,0.7092905585073211,-0.04065136038948634,0.024150430806417905,-0.05842749347370535,-0.27517568003874243,-0.01423949408676474,0.39534351462587125,-0.05337983782179187,0.3146626442772317,0.018479741609430486
69,0.7465777201158044,-0.11189985128865533,0.037683958710364215,0.012047869271948314,-0.3333919491454362,-0.24085020510769795,-0.046351316693312605,-0.13484976275566485,0.18738933398475507,-0.06804541470640008
70,0.6782842498098884,-0.0882283982184951,-0.05194051819795296,0.18702366908488202,-0.41947459752006305,0.06951793943425885,0.061284592922057124,-0.07742128574384788,0.5691705523091746,-0.2143782596848241
71,0.6707371740212339,0.03194876286514796,-0.21467706415780546,0.10012414307851343,-0.6411164114325292,-0.25098799820200873,0.23082116316499696,0.152894699137891,0.2486353773074364,-0.16050747346236394
72,0.6752725431970199,-0.08353899656694229,0.1017018948175257,0.11658356475425374,-0.3835586071076945,0.0760470181553611,0.2983729360983661,0.23095065583263596,-0.13386945568863096,0.12846058579404596
73,0.689548841062188,-0.050577190218802054,0.19074382657135544,0.13054935802712064,-0.3270093766702617,-0.07785527191402282,0.23748653316697746,-0.21298719008729033,0.3143386916873524,-0.043100193427527966
74,0.6974025618190158,-0.2810314567013238,0.17498509441728516,0.30501312223714067,-0.4626603949413833,0.3623959994061868,0.2566061943676924,-0.03809030918766028,0.17325598317586613,0.04162033256518123
75,0.7109889205759736,-0.11628053591460136,-0.31355067641744927,-0.04398720174896498,-0.312950048548918,0.2905692343975255,0.04043962014795527,-0.054726716082267146,0.24962946879295572,0.159219690473612
76,0.6785203855213296,0.11997123553020003,0.15985604589303434,0.34214300423748967,-0.5187416965660909,0.2118653920563603,0.3918600967031542,-0.37812365385591745,0.33015961316516934,0.11546990508371703
77,0.6707929676620348,-0.20834344595269794,-0.007640502852926251,0.2151368836508788,-0.3552004239356107,0.01701511998812695,0.4032572631222233,0.0434861177103235,-0.11779340284665835,0.11855037004128709
78,0.674389944911259,-0.07265770579864922,-0.12224453648974842,0.3249888889043351,-0.32930977987403265,0.25489380947675333,0.3492149394028526,0.08136245316235681,0.27634073223148564,-0.16316438074163486
79,0.6876521198663899,0.051570445512157906,-0.16099544651858455,0.13148476858029623,-0.44546086093609283,0.3208563905324113,0.2580880620134916,-0.033708945889540765,0.08848084879374143,-0.10805547483027378
80,0.6704034093944666,-0.24607992692410047,-0.08010343640709863,0.1530873637555758,-0.584252345929819,-0.014236755532624233,0.09032264903802267,-0.03111176868039748,0.3310315055969578,-0.23235051300517473
81,0.6724406138961772,0.20658932494509713,-0.3174077853635038,0.22064466106569017,-0.42294412782993224,-0.41958547880688896,0.5040158247893656,0.17263531545817304,0.11776350100133429,-0.18146709291989477
82,0.6714880484518112,0.18937377082961152,0.09385477522183613,0.09603674145664992,-0.8865202934332923,-0.38890770658982277,-0.06974438784405798,-0.12106356211951033,0.0197788539936386,-0.21228282593380016
83,0.6730125856061154,-0.15586516281118937,-0.3508686221961172,0.40731882860883206,-0.6138119475812643,-0.012499312897937223,0.4848424615715038,0.5395375134752138,0.3912054868563771,-0.1791720193127784
84,0.6722474052567512,0.0031535661547765284,-0.7232879147918299,0.2170010408488165,-0.5283042523811194,-0.07408204440791744,0.7272283412620096,0.4179183965135729,0.11932307472832498,-0.1633591689200189
85,0.6797784863870759,-0.029645889406417922,0.06318133132988446,0.18524069936518545,-0.3520798562148848,-0.40400410484898186,0.44136746760348083,0.10866118917755799,0.29902720535407534,-0.09875449331255427
86,0.6731169916403986,-0.14112503430991366,-0.07698034826580491,0.509241449826286,-0.6134505225686111,-0.061699199078806034,0.6660909585843691,-0.04162308369333798,0.4360956977416529,-0.003061103951900901
87,0.6710208107037464,-0.15046134942091552,-0.004856329386201841,0.4954863657106861,-0.2897580784115794,-0.22769063651296984,0.21992102835585628,-0.21337117639850467,0.07927580098360942,0.2862755982851657
88,0.671575795857887,0.06870312557783237,-0.023176209013522048,0.36307466423890916,-0.4415064452104078,-0.2967365033025441,0.3895023131710357,0.15480838376657324,0.2527866398031717,-0.06881418190616173
89,0.6719318285286426,0.1212836189620628,-0.2873634038156856,0.1405020347317127,-0.5533066724856215,-0.21700520519391653,-0.14803535107268936,-0.27629383744546243,0.23117409976217806,0.20135093845061924
90,0.6724026361548406,-0.13275474498772813,-0.4458651237113813,0.15351463580530256,-0.38977284693658437,0.14503862420185148,0.3274902159964395,-0.03977781036768462,0.3695983714315231,-0.19349821874041284
91,0.6701571388447729,0.02218065827208611,-0.48470448080170236,0.24055549745930832,-0.5049654267927584,-0.32234358192758933,0.16760947070572055,0.13791236365654108,0.04313612693627203,0.03214543679288186
92,0.6732896485196932,0.287181804047207,-0.15976568472845137,0.12937934001645224,-0.5638836330103313,-0.45257477036303506,0.24458046086105753,0.1931302045305463,0.7072188163621002,0.13087467744538617
93,0.6729997537947955,-0.06800131880210894,-0.32680655541778525,0.6091928667828256,-0.7813555760634432,-0.18743817531999668,0.5566121344348924,0.05767103281901545,0.23799454540302295,-0.08732482595717797
94,0.6948129087468767,0.28585764640768296,0.008539662193029957,0.13097846462517182,-0.4054627797515995,-0.2908542787965801,0.04429477550398947,0.49518217733549946,0.224783128916223,-0.09405001628715275
95,0.6817561422859025,-0.02883963586713373,-0.14498427653861262,0.3374120014630113,-0.30683847751910087,-0.13113752673506374,0.05591656132894496,-0.09558429938207261,0.2572593574895022,-0.2199616244774356
96,0.6708763033652921,-0.16530445991146425,-0.156478676291142,0.3564890149388936,-0.5931973413062024,0.009066654467304036,0.011605317688719918,-0.31843056255185637,0.44250346383190053,-0.18357807109075855
97,0.6702338248791404,-0.23741787256215677,-0.15903807808145642,0.26430477191467233,-0.8100585786141586,-0.20521489537987678,-0.18151940141743456,-0.11409555884848578,-0.08598131681935334,-0.2212903515221001
98,0.6750098439663955,-0.34113887132936643,-0.32964330324825714,-0.08733851346189542,-0.7667938236823859,-0.12862071468462027,0.17540633786161947,0.1206154583982453,0.16300315965290904,0.21292324280108166
99,0.6720111532091518,0.10875730977374135,-0.6165466816376469,0.4692972171648372,-0.7709505567374082,-0.14670722226508143,-0.03969534292208446,0.3168889872058623,0.22991569534989942,0.40292549880565787
100,0.6825462696930931,-0.29293004632801717,-0.4826518953027247,0.2749658437215826,-0.2484471313762568,-0.41034251299527874,-0.17800470057443385,0.040092686235659945,-0.11814499837253783,0.3064912362105639
101,0.6908709624044561,0.5007432888266672,-0.16370338988829647,0.17764929642701752,-0.33537748113015653,-0.074956103876677,-0.01457912222907845,0.12343232243406427,0.17727740764096983,-0.08847629543238185
102,0.6734762936470235,0.15719852197752746,-0.05144821866851071,0.12511060662190293,-0.5058958815063971,-0.09433528473869962,0.08319374637061495,-0.0902404188465745,0.021422612253163373,0.3073761432738259
103,0.6716369202223355,0.17842059697429544,-0.14144443480455743,0.3991817506498677,-0.7439585341085029,-0.19999806906961595,0.012323973519652365,0.07465701762239868,0.19793045633634895,0.09890545520587153
104,0.6706621846339615,-0.07558984182319409,-0.24621562696764943,0.21123443294023275,-0.544415850407945,-0.3169022302749351,0.48291054658658567,-0.00030739884353958786,-0.016546969418686858,-0.07371886375008256
105,0.6710262299837456,0.05112255023368074,-0.6154245100916348,0.2031966065004726,-0.7000491141497505,-0.5960985466422704,0.17804087512890387,-0.03189993026341888,0.24894783193200376,-0.1831604793335557
106,0.6714700288575963,0.21547984826446162,-0.4518767483292173,0.18264610329664338,-0.70939882003334,-0.5450618555909251,0.09921307106103719,-0.04808973929375675,0.1560234605987612,0.34828823743879317
107,0.6891817737583883,0.09660609066093859,0.10267141355531403,0.17170394406401962,-0.8098265902303068,0.041974082966916515,-0.00471560754516942,0.10734644537894959,0.11131778124456895,0.07583972201731676
108,0.67253847589026,0.2593597549517518,-0.2304815343278958,0.4343823959540838,-0.7515225786401349,-0.13523373136434608,0.39327625062929883,0.12185315645547198,0.29486800604955465,-0.17654235233727836
109,0.681523402641768,-0.19307148182872935,0.061340577616447095,-0.05238911552217823,-0.7897136095505544,-0.11683918505004236,0.42119012495874314,-0.17550608866506515,0.2568760008292879,-0.026567097410760597
110,0.6779527011307919,-0.12437229251690665,-0.09910136703094012,0.2503618826030768,-0.34605064331886043,-0.13988442033024664,0.12392109047560619,0.19263410722135907,0.1018428555824252,-0.06162662530691805
111,0.6749141922759299,0.08947082040737941,-0.2429495232687583,0.15440882013154494,-0.9896568971916875,-0.2236296875651223,0.18425420159842815,-0.039648978437533317,0.08611130917817893,-0.17974938157357623
112,0.6717847037205533,-0.25368614674318984,-0.21426100209354787,0.6274835364279273,-0.8092014755007183,-0.5061937548370793,0.0443283331353755,-0.09363370349436922,0.0039071901308780355,-0.15313094679791833
113,0.6715069642257894,-0.06372722357842409,-0.33131800922154286,0.04149247437420786,-0.5691952132097509,-0.6427813668573548,-0.11497487305733668,0.03066906411308276,0.11988042024040753,-0.2905864348628021
114,0.6708643088919027,-0.35826563069890827,-0.0385340352083951,0.10641103946918484,-0.4361442273964496,0.09792672202237696,0.07652883167168824,-0.05604746992891368,-0.17212743509156736,-0.05508239783711775
115,0.6697299420727646,-0.4371923531902848,-0.49838816685443077,0.17065660256466364,-0.5579537893662971,-0.1534384295689407,-0.044746491253850926,-0.4224691461129847,-0.3010897968480147,-0.1861088276729278
116,0.6752113915950818,-0.09618564866369873,-0.36797610849286266,0.016018706358002677,-1.308829307485677,-0.3247752356452591,-0.25025863393287795,-0.21326403429050236,0.4484723669915687,-0.21052195173268373
117,0.6724976863288239,0.2855913376098219,-0.6489020971295909,0.3093071819264013,-0.35070153823122896,-0.11014869666398944,0.11699419318480285,-0.22294878156562467,0.061364602165879294,0.07580102342619115
118,0.6689213193477679,-0.2006377023993159,-0.496896068861691,0.08110292695557947,-0.5657872972871956,-0.19269600893744182,0.08966290565572223,0.0009664694094121684,0.13915313957497838,-0.25045481685665
119,0.6770158109510591,-0.07129338870044866,-0.10804026565506791,0.5243940562315015,-0.3246379503007438,0.13671328184159365,-0.23678792848832203,0.23160818598856883,0.024144351407615408,0.061377911458789944
120,0.6733969446020334,-0.05813725518332867,-0.43920659436319226,0.15733788577284463,-0.48042696808719626,-0.422348751272399,-0.1554305043315693,0.2477594299741753,0.07127150586913772,0.03268477207836172
121,0.6712527051283634,-0.18586801815387025,0.03956451594131316,0.329015047628613,-0.756504335032875,-0.19262383244321274,0.09362513920339721,-0.31422677609553007,-0.23753534971750012,-0.3774758510994951
122,0.678615631452582,0.09948025752816125,-0.45639428346028976,-0.1040723585229405,-0.8700091158025168,-0.11120568879832016,0.16934780678350872,-0.31752007456626863,0.389075014686591,0.04031969733052719
123,0.6710340824217197,-0.09352250453274706,-0.19283732437706702,0.25878256747205547,-0.44920118564659717,-0.151066139476841,-0.2929779372467129,-0.2773415127214348,-0.31970737428214446,-0.2684952186700343
124,0.6840133239344562,-0.17579836392893483,-0.07874853354008449,0.06209938955822142,-0.6804048029886305,0.07256754739359866,0.08615900966604312,-0.07278806214009438,0.13799941186161058,-0.14201789924542202
125,0.6719020984486861,-0.4333989271558174,-0.5433089692557879,-0.005786476549815067,-0.7880688413930893,-0.41517182700522426,0.2709342294730208,-0.051283213227808114,0.20428571242963017,-0.12105431614194186
126,0.671169281244451,-0.0010656056327735808,-0.10376165946719038,0.3179972912872929,-0.7319317041470808,-0.33155155433837874,0.10894370193623162,-0.051741935395910134,0.5447267313415269,-0.15360190188151002
127,0.6715642081169065,-0.10355256504215789,-0.05479354570463746,0.1711727059373878,-0.6003397025325555,-0.1973823088208692,0.4779908150931008,-0.3031892880557404,0.062323921408322325,-0.08171560276167576
128,0.6772652422024419,-0.5030492877565609,-0.6996199794584161,0.11562446090364092,-0.4416089367978908,0.23570048304546673,0.582102374715585,0.07399576111385725,-0.36868839861403263,-0.19632196560506254
129,0.6722434400444588,-0.5311376682494304,-0.3110794603807204,0.1382455344631107,-0.5146399897833536,-0.19165108566631564,0.25834401682599945,-0.5626071366255144,0.027381195922299574,-0.36263376982717344
130,0.6728719528894012,-0.07613406968824149,-0.3798687244132621,0.25023972520243287,-0.677959859676752,-0.029956439451549716,0.1685233130282464,0.350357008561921,0.08894529336376103,0.24147541499399744
131,0.952647966184921,-0.2911237026717742,-0.0484205820195992,0.27888120968808733,-0.23419570008447865,-0.0882140865408437,-0.11134722884537596,-0.026890682822762274,0.5468912004721175,-0.31882616308314315
132,0.6735839392973859,-0.34715451617982224,-0.7196700229037671,0.34490247985847555,-0.3648627932381441,0.014772876199198398,-0.34138486913726673,0.2970933427585305,0.10410868766060782,0.0985341884748922
133,0.670779027135145,0.04805252262599774,-0.37418150118342036,0.39824294717060243,-0.7120483127983412,-0.3122519018961414,-0.16972241055719922,-0.14296017274819026,0.18127233603917692,-0.27502305204076777
134,0.673075431924068,-0.6021889529637037,-0.6621534436943698,0.42739652734881894,-0.312405183164078,-0.12774123338276333,0.42466494279098566,0.06251470217876634,-0.21907085053101522,0.04214057574134164
135,0.6728276815414401,-0.36081432837714156,-0.34933020038142787,0.10222618854662727,-0.5631945607062819,0.015448827571149126,0.3257509376828169,0.01718680579492457,0.2683033032187769,-0.07226768846325099
136,1.115001276312053,-0.41312480384707695,-0.43353403715209327,-0.2107059920985937,-0.07018540106694665,-0.21480457344727333,0.21527541383830717,-0.1468245470317859,-0.21866927859934318,-0.5179688572782578
137,0.6706582568271363,-0.23969513386799823,-0.8479951011363254,0.14501940479760594,-0.8639201397404703,-0.28142333456498364,-0.27532308346193773,-0.1364341017290366,-0.07480373942950451,-0.23113498689113382
138,0.669323157352288,-0.1489369672960289,-0.28815172013381163,0.2598796876609143,-0.48280835503441455,0.08217405807734879,-0.15007887697775651,-0.2151284031855428,-0.23048690338821615,-0.25897783278050046
139,0.6722550789178163,0.3229878041107163,-0.14519737386404158,0.3350552915869898,-0.9669859397589167,-0.2343639120020314,-0.3587031159784109,-0.09125491577158444,0.13049684540689122,-0.10357235254984899
140,0.676713838172544,-0.33911907675660025,-0.2965770218745502,0.13532269673151223,-0.37507308709644893,-0.7258644148444122,-0.1550903426198979,-0.1657124652440437,-0.17876659445372092,-0.01667495474371075
141,0.6868892067916446,-0.5271271093092207,0.10625177982649175,-0.11210558194221965,-0.5538386778989899,0.19529565888877495,-0.36722821475742184,-0.17590147271403658,-0.36415314036204166,-0.5620705038459501
142,0.7229175235493428,-0.11607955814561108,-0.6449828366681645,0.03562940837262722,-0.2745015562535358,-0.1205180461817009,-0.11274932628479713,0.21065656622087905,0.20284534700352969,-0.2815618877697467
143,0.682770503158227,-0.7549123161121329,-0.26647986917688266,-0.05762228285634485,-0.3482207548025142,-0.296043668777303,0.3456643737754299,-0.15704344765159803,0.014375224821375411,-0.39668688815769493
144,0.6704910719974526,0.12046809446267576,-0.21931334650025502,0.33460164498423645,-0.5377061786441203,-0.4108705551984281,-0.12282095753668025,-0.21517369176388323,-0.12132464544994394,-0.1667341489124929
145,0.785175365936135,-0.5582186580913671,-0.10247748306014731,0.10732117384361506,-0.25091276090697073,-0.12039107379774928,-0.18637123198827044,-0.2689993409828587,0.08763918123054973,-0.09112656100573532
146,0.680245179083783,0.3635558003936088,0.20590798530723659,0.39963612280489824,-0.4689550530851032,0.33862226591950156,0.25692305006489824,-0.3235564185103381,0.1288847228620042,-0.22101825390571953
147,0.6691918931320925,-0.12239762141083144,-1.2497260947397688,0.6034821738994878,-0.17289636693104704,0.13864211099906376,-0.01907976263610879,-0.4401633244540186,-0.05040477837326056,0.012313046210652406
148,0.673043855355221,-0.002216789599575608,-0.599572169651094,0.5399345000499022,-1.258004554779075,-0.4619474817935478,-0.24737099088270298,-0.28920475520090105,0.20127581016137505,-0.2073089477023243
149,0.6721893224245983,-0.21684333772884443,-0.3020834068829366,0.7122971568291814,-0.8445793313975457,-0.14943811749011793,-0.22124772812664553,-0.2810665258690257,0.25146399787716056,-0.13261923897158429
150,0.6744661235162168,-0.3058042402905575,-0.9130034906160648,0.5304870273306086,-0.9906374834389451,0.12422454669838345,-0.5892517570331995,-0.3073055894264355,0.046477671722998506,-0.8268516737749343
151,0.6686867593985341,-0.3278387222466693,-0.11068403648690572,0.1381236925605393,-0.6663531175499262,-0.12266797882644205,-0.07542318023799224,-0.0030423404626886696,-0.021787752974759673,-0.11323009085923634
152,0.669540590060775,-0.4443843639388848,-0.6153649905216758,0.3651812488677907,-0.4477916676080068,0.010392085411190438,-0.14013166894145918,-0.3142559342531548,-0.15892315076213273,-0.3929148923859337
153,0.6726687515598622,-0.2558893960052801,-0.4963471421584418,0.3403082790610208,-1.0453095285387113,-0.6073616136308602,-0.04285760570852894,-0.42305435356977616,0.29181998240893114,-0.19172548490609706
154,0.6716481728453071,-0.2190127562767017,-0.9210239094684262,0.48637026085329904,0.0254733974827821,-0.2694004729443092,0.20523132673867936,-0.07751388480125342,-0.2304980360152084,0.3385966150094226
155,0.6703929796801167,-0.0032031117350072025,-0.5398779043107216,0.1399930195193293,-0.6188018845341549,-0.03030383680268163,-0.18830061211954918,0.028163990495127522,-0.4527342849965801,0.09058504166425241
156,0.6729444884923682,-0.7107817679617714,-0.8908342012767093,0.5762730981020874,-0.8088669000026933,-0.07273175881895441,-0.4621168713267032,-0.2272951919302823,-0.16307209601431794,-0.1521734570256043
157,0.6706960333963347,-0.4423907016250132,-0.2880341147600462,0.2345391694830956,-0.7142107025881466,-0.07948840976232652,0.03234782629771249,-0.16809505733509073,-0.4176891496742615,-0.34632490987837966
158,0.6772957249925377,-0.1265498156308461,-0.21697488300483242,0.19371820957229663,-0.9301245783972123,-0.08413431547306854,0.29261247538130786,-0.5923645769167242,-0.15548590210079624,-0.480408334523446
159,0.6747025364144218,0.00798048854329056,-0.5209516260352779,0.1929608879275445,-0.5214728304988488,0.19982568052768862,0.08425054907915572,0.036480051999392304,0.021740722641043944,0.069053072299535
160,0.6718105141578896,-0.6272724136203895,-1.1001170644998954,0.10117836619057421,-0.8047672975881512,-0.30095311085428195,-0.24369443775613076,0.05020231859692176,-0.22218214760366126,0.212478640742083
161,0.6687567064135753,-0.4597857575763887,-0.5805572537544594,0.33320329204976207,-0.3957029051770098,0.2689334036343923,-0.2864946384287456,-0.3881217806255097,-0.13309111416638184,0.05054861347790525
162,0.6801091751589186,-0.38628539501934644,-0.6347941779367337,0.26630089277997054,-0.9515984148852525,0.15415303639692868,-0.4210479994516164,-0.24545826969528528,0.07590454953001008,-0.3314463702662514
163,0.671317009549127,0.06771168436356131,-0.42481760823140735,0.21242340938325513,-0.4372447866214729,0.06026081521202285,0.24750942350628266,-0.09143630791938759,-0.12105423381026692,-0.18183123129887396
164,0.6938518747857059,-0.155856824838816,-0.26129229564954626,0.23176420855838797,-0.3161174500943751,-0.04887977425334085,-0.3282371594608353,-0.23637132097995503,0.07316425870873969,-0.4586459138900421
165,0.6694676831712,-0.19392597499774983,-0.511472818031375,0.08875243321099777,-0.5083463925803207,-0.38492226983489936,-0.2147416831321208,-0.12937603610120021,-0.40759020745601227,-0.22273807490151606
166,0.6714417230932525,-0.27568341965320464,-0.3035103049265758,0.2336882082103996,-0.3558748343502568,-0.1482756442449723,0.17924728146489502,0.031242772449864564,0.07822913734378392,-0.1784465821032034
167,0.6705225013160094,-0.4287814722025217,-0.6797660706478463,0.4646149215320917,-0.3690823688419988,-0.17534236063054,0.17731628936538388,0.07236302962370239,0.08144998823624527,-0.29850609110258236
168,0.6694363600362901,-0.030443573869044394,-0.7114552289343545,0.4107827610847986,-0.43862588556427895,-0.19038055095774442,-0.14569992577995344,-0.2628433003289403,-0.13210232388055673,-0.38319903307758324
169,0.6709006061317304,-0.11917734799638467,-0.48202001339801626,0.4666671198616189,-0.3432639620948771,0.10709247726260411,0.1417087296107843,-0.17824261455782606,0.6175856903186839,-0.3732615739537967
170,0.6811515465316734,-0.6425447925255194,-0.34554754654905206,0.09362631968762322,-0.4667638000240925,-0.3967729649565431,-0.27579765588006433,0.21058937985040893,-0.06355357395083745,-0.3438309768183141
171,0.6692895361310961,-0.2651046361262853,-0.5345500596915964,0.17844861281225638,-0.664662330375994,-0.5199736599655401,-0.5756369472414795,-0.0105472567993668,-0.05146804313042899,-0.06980955483139054
172,0.6690640073336249,-0.11261614111885118,-0.8460615125489643,0.21090292781288417,-0.4702481053432773,-0.009498449225806081,-0.003247100633270078,-0.051464320640496886,-0.19331364246893443,-0.034260100114262754
173,0.669219400692113,-0.3060646894058161,-0.5515718759044708,0.5804663008842064,-0.3801874353218073,0.21910138799257178,-0.056772311179195435,-0.26884214201346385,-0.16174891454639942,0.23057975089918287
174,0.6696837270259619,0.0073366048234977665,-0.5190811993045408,0.27468338630610195,-0.6105612608677115,-0.49187773233034576,-0.2028036713894488,0.24674660402978787,-0.3618268831288862,0.5395949782249522
175,0.6737782981147324,-0.036651230006992774,-0.34077549281251873,0.2733855411175613,-0.8542352240537451,-0.023829106809513723,-0.3487473404490721,-0.13077322184657625,0.23359705163520425,-0.3215041776023957
176,0.6699583651981386,-0.45662256912840626,-0.7601492334326942,0.30548316285810284,-0.47498469246672914,-0.07015832807730701,-0.09095812084801909,-0.20786896396211452,-0.06419483723904221,-0.22541587709558697
177,0.6705048425265783,-0.015358475491070334,-0.8526567119754274,0.2421748220708237,-0.6250545989361536,-0.09734990406270347,-0.12165111205418865,-0.28693963832853675,0.13370322950792884,-0.3458923680071867
178,0.6871952699961346,-0.23934310829668756,-0.46624312147347646,0.0375286069336041,-0.2427088406788931,-0.10343375437106009,-0.10413985315936143,-0.18260506750382546,-0.3780951115372235,0.15016908574636512
179,0.6688170913706053,-0.2153714588271434,-0.6874322441934319,0.27479330065013163,-0.4999228155700291,-0.06097700934750333,-0.36662613509789066,-0.04788387694296767,-0.2552995837851488,-0.09329756337107431
180,0.6701230071368368,-0.10187512367813101,-0.5375116662103889,0.6921067718770311,-0.45459115542328327,-0.21508770191639737,0.050203724883609746,-0.2707538335855717,-0.08475748328635814,0.14526432027599037
181,0.6694275476012717,-0.3534100790276589,-0.30472113398913636,0.4770778536206589,-0.1353146663589877,0.34304171694896796,0.2714929919522072,-0.32015117931622394,-0.3472036708961237,0.016286278041929683
182,0.7007638360422942,-0.05282450005851999,-0.7269268916260558,-0.15628579206584903,-0.919427328807606,0.2088813127249023,-0.09748573384620723,-0.45421152891042016,-0.38021425432997785,-0.12035771787988292
183,0.6681848091572251,-0.27007395676551316,-0.5402036410851051,0.11765795680337571,-0.5739875886895701,-0.01631958378280892,-0.29877240985863085,-0.3675384033199005,-0.12385575255020223,-0.09454839772203041
184,0.6707014358359245,-0.311473074855094,-0.9728042924382759,0.34555884666933134,-0.7603692040048236,0.02744816490655663,-0.41956233608295534,-0.3655717775031626,-0.38234511062109144,0.13687330158059072
185,0.6734898203286328,-0.3218822966181117,-0.4838062680423826,0.14439549463035725,-0.6629835263230766,0.25482154495557974,-0.43575351188284617,-0.03879006744127958,-0.41250935845465075,-0.09243667940680309
186,0.6760204264553169,-0.24215707604222983,-0.7002451606658207,0.28861523739804723,-0.2047992155116532,0.08731474488130983,-0.04267083426637178,-0.2939777736831385,0.04892121705466315,0.08972344850106681
187,0.6732131798033621,-0.09083138299086155,-0.13212426209414274,0.11723150691007816,-0.7007874994305274,0.04917997571992572,-0.16459921902999433,-0.3468462719521649,-0.2050492140110592,0.3368656399632115
188,0.6706638188326065,-0.2297846143993436,-0.9288474638956615,0.43457612122388517,-0.7360991712840999,-0.02805185967425241,-0.658506380182589,-0.4362724413376952,-0.15388811292126198,0.22604936833273034
189,0.669467529042309,-0.10982694207875957,-1.186560131869145,0.8207461265704343,-0.27051537869168096,0.04886039687081125,-0.1793321113770493,0.061990494007758495,-0.16572105440016355,-0.11672368431685087
190,0.669901378578707,-0.27647218821663505,-0.9454340998160577,0.5805130276628049,-0.5747664310098217,0.0851326404725378,-0.4144926085826417,-0.030017705732662964,0.0743516772698381,-0.15818054237431237
191,0.6698253714955561,-0.09625314749465236,-0.8199966216448695,0.5360513905641173,-0.515177407265283,-0.019874191318294727,-0.16387550072231427,0.1709149809987263,-0.2720663413990987,0.019323626559573856
