o5h,correlation
0,0.3604416548299065,0.09892592127857569,0.16914103961342128,0.004607193059169258,-0.1481175265891933,0.11840449470799592,0.07986575758552104,-0.1669660652949169,-0.07273049528442745,-0.07229869515078842,0.05632676712312933
1,0.3416778193541073,0.11531550617208396,0.11767671766472393,-0.00022863554053458718,-0.2089982079351172,0.15201572085014908,-0.0559484263246776,-0.15368946264968264,0.10354504104492171,-0.08839836440515175,0.05765503648118636
2,0.317831985438841,0.1324445321453405,0.2073816032270292,-0.03688472941778324,-0.19727865912342785,0.2432715291973784,0.010653597604082394,-0.16089333497307823,0.10580885061896345,0.028816942727487874,0.21141286031339993
3,0.3005537825997124,0.15268536396927962,0.07192354338374177,0.07871232095038314,-0.35146632212456774,0.19266864579840653,0.20022446272246333,-0.2727017098876344,0.1785005682457414,0.274347525603064,0.09964851122285405
4,0.30923229537230046,0.15938629842369556,0.1862288343316129,0.13283127267001893,-0.3044614586018596,0.07561848093743895,0.12598239468722053,-0.23984531904876066,0.3483829591904869,0.06579200587941897,-0.10873072613432458
5,0.3046767106927142,0.16537570501308027,0.08453242361797936,0.1220430382719396,-0.5459122934803748,-0.014725563874698061,-0.18304758637147808,-0.19113018836685,0.23351114237041393,-0.10725737388366205,0.17939130269386264
6,0.30653585427030733,0.16044139718602107,0.1131924260818249,0.24044575065438145,-0.3965820659555361,0.004539083226832549,0.1708796076129121,-0.5043379444187385,0.2715281690424682,0.2498333011728469,0.06262717973173441
7,0.30184938819743173,0.14492695912548495,0.04556017720122645,-0.09188046987375992,-0.49463218310286344,0.11784822954838768,-0.16278526067808213,-0.055346348823751085,0.40056382713422056,0.0012267565151109078,0.03525226085638136
8,0.3089479453645631,0.1364210499579265,0.06029991193264723,-0.13000505301505738,-0.660100207293536,0.03135089338071567,0.09938841115680505,-0.09466435119568523,0.16920972696511297,0.06614495527039396,-0.07965341482048248
9,0.30810150912851586,0.1310771453038959,-0.07753157085383189,0.1442485412134883,-0.5303860696554985,0.04645372300676368,0.1825656857719633,-0.3100044579043578,0.24253876625086213,-0.0033511379415077924,0.09861180431317251
10,0.30301296020491136,0.12321876322780259,0.09566591185199487,0.013967603106661553,-0.4562502990800927,0.06513813387991757,0.24881416004563914,-0.27014498613621174,-0.00014533855060427925,0.1123013485920889,-0.1518026339114068
11,0.3025218118361081,0.11551790888220863,0.02170885043771545,0.021373491787840468,-0.5052943252533283,0.10283060095367459,0.1041942832955588,-0.16885161927749412,0.16807220455504102,-0.029617956870737525,0.11512612393165454
12,0.303048683162962,0.10916151392974836,-0.01161343590480269,-0.09100391600443271,-0.42678716999571903,0.14031267586842353,0.07808430918849749,-0.2675885593189741,0.17967162935597317,0.1978934083157124,-0.1144347437828465
13,0.30137228830670065,0.1091191866916688,0.010912509991314871,-0.14698298345084987,-0.5209091355375897,0.15234848768399775,-0.05372878294706629,-0.21576335150567555,0.12951408472076625,-0.1432418487751491,0.17862537659895283
14,0.3017054843762521,0.10566798131714006,0.08355159740798485,-0.09513948539611436,-0.4377342586803623,0.18876466707041276,0.07993872136259234,-0.18146001979561677,0.055894277625110615,0.03045938637753977,0.06725978095056581
15,0.301389291350832,0.11583386101905692,0.0032950064351793124,-0.12426118759510685,-0.4574459134513239,0.1851983630808267,0.15178675844950545,-0.2871457446913193,-0.14856461161994497,0.03832895474542398,-0.2001107511051119
16,0.30068510184964686,0.11124302012846812,0.029126881166351242,0.06979058822057385,-0.3975530534363385,0.20403912708390082,0.19084084546852023,-0.3622175055697352,-0.009947367408734527,-0.025525772264652524,-0.20678813081722724
17,0.2991909640308742,0.09997634554871533,0.06328261979381859,0.042755697909638214,-0.42759912961289265,0.16874705052874955,0.3019102939241354,-0.32280274826138017,0.07604492654176348,-0.11259041885575402,-0.030436485288931364
18,0.30138486704251427,0.09944252083236871,0.027010188146673733,0.15878187666332888,-0.4020569005122539,0.14879838474435864,0.20816284451992828,-0.4674927971864381,-0.00428997474106959,-0.01463363282771588,-0.26200183793744614
19,0.2979678607311944,0.10533976755061371,0.020418751053469866,0.013612441996760927,-0.33012721272336026,0.2593815893493605,0.16658391739084039,-0.315372093546607,0.2378075571798388,-0.06711667314404181,-0.14924642139113223
20,0.2984627293003124,0.08735998964536439,0.012890675722889414,0.0024422338868933142,-0.38351648789616,0.20879992799908279,0.16788756790008438,-0.35294563089560343,0.08561505573013478,-0.038378860273831715,0.01127723623567875
21,0.29813254496867037,0.09212462058435235,0.02130002830223514,0.04028901277430518,-0.3130388264531637,0.3284836995921575,0.2733787865058698,-0.30376460998510657,0.1562677030100648,-0.17829855345040685,-0.2554395001466182
22,0.2981495867886466,0.08948727917908328,-0.005559830075702966,-0.015569970472060282,-0.39293963428649814,0.2229994884510149,0.2917973233349696,-0.36314596947286554,0.15748115782993422,0.0030506506534197647,-0.20243208158600168
23,0.2983310408087887,0.08245136393168895,0.04200782426442499,0.09624951019967139,-0.3848940817114572,0.16405416238973802,0.24676836078459188,-0.3914019419362818,0.21659769911072,-0.015095476806729746,-0.1916537520796884
24,0.2980844218340947,0.07566546736258818,0.00952380580781496,-0.005264844805014421,-0.34080987169492033,0.23760503224256735,0.1474590057052273,-0.344831265807738,0.2031380038106549,0.015659221521949335,-0.09489658709442683
25,0.2979155432761943,0.07222045687560648,-0.0033408553336323685,0.030575441651420992,-0.3354502885145677,0.23736718927780828,0.2901604350517913,-0.37943409141765344,0.24364441068738546,0.014471214511643859,-0.19991443676279858
26,0.29744545846909054,0.06468413658175501,0.0068586049827331595,0.05606788636636249,-0.34728832412997257,0.2325520998574185,0.2737556109668245,-0.3491650154832969,0.23733604178648882,-0.011146199957749639,-0.1206085699115038
27,0.29723799110371435,0.06766688935608531,0.03352666563633246,0.07917857815073909,-0.32449053751968715,0.24207852250144546,0.29279577711948623,-0.3681903112343649,0.3251767485296989,-0.04127052698213247,-0.20344237718737546
28,0.2973004148250496,0.07851891559860964,0.015513016654628993,0.2637574786814335,-0.25485934213170053,0.2638240507500593,0.450928717271421,-0.4163785386509409,0.4858433917656222,-0.03983491475890502,-0.2875971286731004
29,0.2966793159672986,0.0905265923081546,0.057206337502271644,0.17661105535681682,-0.33506172101783566,0.18124810417648804,0.3945109842287579,-0.3377334717655993,0.3721846220494556,0.12131746599881672,-0.22408307140915903
30,0.2964386347705696,0.10065733761596099,0.07548437367311675,0.25352721249950394,-0.3070683513346059,0.17730295310899752,0.47293308386943117,-0.334722224620052,0.2908643307054173,0.041772281737896516,-0.3362774078568101
31,0.2966399517597294,0.09913169066495368,0.06878490394470532,0.13168838490939627,-0.2813671295711716,0.23565415304145998,0.5407608408417027,-0.3136346509367446,0.3726111617356278,0.0728928723896591,-0.14220089768623254
32,0.29607998266305874,0.10583917394793964,0.06821129276597669,0.19726887667903945,-0.3480756863642494,0.10755935632017777,0.7185446245283018,-0.4499285940687229,0.4930178087058711,0.23758504179690645,-0.11589839809132757
33,0.2962327606437934,0.11648131027723921,0.0926176827230628,0.160508641299747,-0.3142453770749961,0.17168405075972368,0.6679724554405487,-0.4179053029074845,0.5113874195219595,0.19670673096560148,-0.2880786333457399
34,0.29626320222401303,0.130560946910778,0.1431569145742496,0.2437009698381823,-0.3041850693559385,0.08037541820101926,0.9207923843622153,-0.44341320725182964,0.5306266852571642,0.41120348024604325,-0.2696779208691928
35,0.294169146708022,0.14806328242140473,0.11875998182451586,0.3588613894078636,-0.24302913338737503,0.12775459806380943,0.8930719084252212,-0.4029297684310501,0.6113098436442598,0.45780858928421697,-0.36239251031844827
36,0.2944433272047383,0.1616080091398467,0.135221682028379,0.4769329891509772,-0.24182252785486563,0.061379013472572644,1.1343859694732956,-0.42273149095553625,0.6570960457013962,0.6571806350556317,-0.1326125728007673
37,0.2956098172135839,0.1563432914001522,0.12784144241873782,0.46526241633611226,-0.18261877094259613,0.17850873630298775,0.6903586269145124,-0.31140645438989756,0.7079941454958033,0.47469056042850205,-0.5342262205581612
38,0.29535680974348577,0.13524030380600247,0.16346186098314525,0.5308404655450374,-0.13634124466204234,0.189423214568992,1.0178639943051124,-0.36259314032172807,0.6807177695817552,0.35192373419355205,-0.11221010686046046
39,0.29460406975000836,0.11878789715437837,0.1033072001012097,0.38695733152157064,-0.22756959712212368,0.13718804587903666,1.049906535104043,-0.4159026841753984,0.5728885480581364,0.40310777549315313,-0.22740140948729315
40,0.29438748973991097,0.10963489188826878,0.08991911746058248,0.3876780982521796,-0.203001170111947,0.16692858503457766,1.0400351749123362,-0.4598535436840539,0.5605901224028358,0.47868193027839173,0.021343440950517434
41,0.29401712363923505,0.1100360845368279,0.09148710556701503,0.5281319345290421,-0.30125647836937447,0.06282197507074419,1.3947232263233986,-0.4507375847659036,0.6680310410969137,0.43298957132443683,-0.12340682571902079
42,0.2942462594608746,0.1088490678789938,0.11637398550002004,0.4005685451194744,-0.21625937326344027,0.14463553177292238,1.2275460985748516,-0.45407787796200344,0.6091394074571227,0.36826103004739075,-0.02477647354835158
43,0.2937166847758857,0.10610565879504813,0.09072098221692698,0.5206176537545989,-0.26946488690976156,0.04882570178137597,1.4296967729457029,-0.4766223937219996,0.7748903224457598,0.6891773976926585,-0.05631169629589568
44,0.2943548024156388,0.10484080972585011,0.12086377850130153,0.6468031919695196,-0.30447617513192726,0.030892104732252706,1.35271793478431,-0.44880602660030244,0.6136717720534177,0.47765802690234327,-0.20405082048186482
45,0.2933437602293278,0.10075861297266966,0.10728336951593997,0.5445416323611486,-0.24539417870438665,0.07324662456158114,1.4867033897737925,-0.4641428490812836,0.7738828468570759,0.5783835128328958,-0.28049668371069086
46,0.29341044191570254,0.09936286994155516,0.09442198682361999,0.6671399855799773,-0.20430523354789126,0.09378887594287727,1.395620763836057,-0.4725464246515627,0.8072658203379278,0.6399793667390643,-0.2789359980614055
47,0.293400208698708,0.09162421189125403,0.12155609715835364,0.47724665720047155,-0.222834972471409,0.11139164602988526,1.3480946188992964,-0.4334362856330342,0.7520056703984302,0.5484741702430552,-0.29551094037006204
48,0.29361317860689073,0.07982161428039285,0.1000768713112819,0.6311439367145241,-0.25568320278269496,0.04671821698283501,1.381319603133153,-0.45362427740589795,0.7540633251149311,0.6221071052969132,-0.28695482904779124
49,0.29362583206764764,0.07222780918739276,0.1310099331848363,0.4048765580661713,-0.244299677688907,0.0969104079252754,1.3339941480176007,-0.4430235150842942,0.726644426480906,0.6359765683364752,-0.194462179386274
50,0.2934954054178266,0.07242610280396022,0.11646803094911104,0.46655731166831726,-0.24859567190709422,0.08925232066125009,1.3355113269641574,-0.4563480473497144,0.7644663002930192,0.5691029875014405,-0.25382257230417077
51,0.29346489370237006,0.06965046476649987,0.12369683783905626,0.44215181684389027,-0.24091155950883725,0.07969522203909993,1.4726520093452393,-0.4531549750301185,0.7963211770592511,0.6513112254535882,-0.19567348616156816
52,0.2934416998863827,0.06217719807985902,0.10777027972740653,0.47985381169730534,-0.2287819671526872,0.09568002204396464,1.4597247742540054,-0.4754000103990413,0.6994099051884578,0.6138828514529044,-0.28980331174841545
53,0.29329593424642914,0.059299971691655906,0.11305372776738801,0.4006863159915794,-0.2459917235508797,0.0951737649509409,1.4474955456545404,-0.44933702379524504,0.7591234178122234,0.661463121986331,-0.19559988871874207
54,0.2931452457459417,0.06324238255585668,0.12079751824051853,0.6115344405482102,-0.21092461295151937,0.07638369250806754,1.7733737249999386,-0.46240744407066536,0.8393982197735605,0.6756413192281261,-0.36743318082558685
55,0.2928927331632014,0.07322664905977339,0.12089195809669552,0.5148846621907157,-0.21287731482798997,0.09019441364546567,1.7455150756215505,-0.44642179320898895,0.9350587358324101,0.7808683276163522,-0.30982723298812515
56,0.29298198330950986,0.08934165845671548,0.11581235559739413,0.49772348237508085,-0.2168445906932154,0.08752186118363797,1.9321589230986234,-0.439320849956702,0.9174390219288509,0.7951270780308434,-0.4354113293619616
57,0.2930415296275447,0.11454078528826815,0.12362470475024066,0.6605183589069229,-0.21505619568641426,0.042231451496361656,2.0480118116189825,-0.473735656051396,0.8794527857063292,0.9698166670710957,-0.587466129519192
58,0.29274558967926656,0.1272090254316468,0.10617023144310858,0.6376115479880609,-0.21589721192015857,0.05697617333100413,2.0414724512134157,-0.4519679001087471,1.1014182712758942,1.1166306402456851,-0.5400936427100157
59,0.2929139456775779,0.13141697311364245,0.11621224748049284,0.7055997847965204,-0.1482379537575822,0.09908189908773123,2.367061245642632,-0.44371576649305544,1.1715544297655214,1.1067731103062923,-0.7860299022723303
60,0.29287976038161484,0.13870444088129957,0.14797061430456065,0.45454776270760355,-0.16451707705024315,0.11711509436491334,2.3050040272072776,-0.4246505407014681,1.2802782460250284,1.1226136944498402,-0.7488714456597774
61,0.2928881819955878,0.12898016850732968,0.12400103271185421,0.6405078373924826,-0.1484401791043537,0.10581041372979609,2.1712840243561624,-0.43384013086680234,1.199322333563201,1.0378039720307257,-0.6756848335827806
62,0.29281635632448527,0.11420121755628802,0.12082762203518835,0.5809996422074928,-0.15700737765964232,0.1038262025399939,2.075362942810541,-0.45085974928808176,1.1275220856126114,1.1194780961109625,-0.43752671147639954
63,0.29272845022161054,0.11018324772433868,0.12885228119003492,0.5277982573401153,-0.15190776263714123,0.11928603152956616,2.234069823505005,-0.4284315192397223,1.3274258652325241,1.1115960676977241,-0.5041262972164717
64,0.2926173624522491,0.10597506802222967,0.11627006823715144,0.4170613725500969,-0.1995752470506661,0.09991900827493783,2.2888853355462255,-0.45154617609539593,1.2086975746691972,1.0780298278479294,-0.318451853637225
65,0.2925776249311301,0.1010033496405972,0.13157854570942043,0.5328767383126495,-0.1825011064398054,0.08497133506336671,2.413200931090083,-0.43488200402243343,1.246184757485473,1.174268271113841,-0.75305788583402
66,0.2926872994998291,0.10572602275265441,0.13010926382454774,0.6001237632306181,-0.1979734930714603,0.06304689296155942,2.5439829431237126,-0.4357353961034148,1.3152957796868952,1.0371436519439166,-0.8173810701603575
67,0.29262620681270907,0.1038697875718967,0.1332692079474028,0.3891380994453425,-0.20722620272310865,0.09645657801790518,2.508310748278409,-0.43830472480136345,1.3056324457737842,1.1323009499534504,-0.5723123265766263
68,0.2926222450364106,0.09694990854032678,0.11694375495171494,0.47995783273022485,-0.18407568173620376,0.1060829591653341,2.432817258937028,-0.444034784474309,1.274144250141979,1.033258965590686,-0.7256225217384763
69,0.2925184344866383,0.08241364395921451,0.12501094281685152,0.510987468595217,-0.17897187141501977,0.0974527420283577,2.6538699146803175,-0.44590133109030067,1.4234184254746787,1.1431145172576933,-0.7718962154054632
70,0.29257865299303415,0.06887409731462182,0.12575149907783495,0.4258739453968108,-0.19877510543369148,0.08901175931533185,2.379563469574644,-0.45932137111460947,1.2442497653481561,1.2161355108742693,-0.6352345243230584
71,0.2924722230117207,0.06527556282918832,0.12302252846382973,0.5584355313449224,-0.18862796430456075,0.08000151414687721,2.6988474568777776,-0.4454566368385702,1.4396900843159623,1.1594187634760165,-0.8730123715628145
72,0.2924673815199141,0.06644484314973378,0.11513795358044035,0.5788759821870785,-0.20436692409676846,0.06670636792673655,2.855160321647608,-0.4481972739175682,1.4780361473696375,1.181219107871977,-0.9213071019499579
73,0.2925119049782256,0.06267144354252832,0.12429448917501561,0.5185479014144226,-0.18179022059924055,0.09393670648957501,2.572020756048513,-0.42658342897728674,1.5165725147216433,1.1283814730478503,-0.699266025028135
74,0.2924855923506141,0.05738854232448293,0.12682596370416113,0.47768802263016996,-0.18040204993921247,0.09430592747847573,2.6479017697964604,-0.4452128786149008,1.425395498681178,1.2475009717349552,-0.719884863545324
75,0.29248447795504723,0.06028218078232357,0.1329748794807167,0.5042571180541512,-0.177214687409282,0.09616445023305847,2.6668673063966413,-0.42234930533750015,1.5599444578102324,1.1776123951300257,-0.8540621320876621
76,0.29244610478858063,0.05483625359123222,0.12125542599090111,0.4752668297999967,-0.20849143920235044,0.0787211092177254,2.707480622403724,-0.4378899123738885,1.4709604594340018,1.186482465287209,-0.8240830522705407
77,0.2924265149751181,0.05876205463486017,0.12269991682131151,0.4937603432486747,-0.20453478069030653,0.0693758079676019,3.1612025679852005,-0.44747594607780133,1.652801752337121,1.2946332196611183,-0.9213230967287667
78,0.29242524067828685,0.058064736717804016,0.12329468316456366,0.5274765599577939,-0.1985529063324778,0.07744144571928104,2.9332391600927603,-0.4312572649506982,1.6327650985048172,1.2078120542685433,-0.8865288292152397
79,0.2923893706702832,0.06140975742650967,0.12245847834037893,0.48421676948217923,-0.19148257774399505,0.08607396620175893,2.9132097808434128,-0.43873348306777543,1.7323681740296382,1.2808564958856739,-0.7450785173352369
80,0.2923764765366106,0.05998147365695283,0.12079321896875694,0.4878656790439962,-0.19926539092841777,0.07727343903068888,3.0805306276894173,-0.4409753189794797,1.7901465812453652,1.3040806817567436,-0.848149426607253
81,0.29236647876840294,0.06315281614422755,0.12303486866264997,0.42656220648829335,-0.19754489582302473,0.08703761935057602,3.0875844026909465,-0.44246349279145153,1.8047307471996767,1.370242982977623,-0.8387637322659308
82,0.2923774010078177,0.06746616236007608,0.12294004788994194,0.5634774887166356,-0.1964891563154947,0.06792451403399491,3.1064449383760433,-0.44215711206566477,1.803580634037547,1.258496734157736,-0.9953897051916256
83,0.2923876599029949,0.0635644145853763,0.11828635782237634,0.49159690762587327,-0.1949637069059273,0.08174442180452272,3.2277024645225647,-0.4367869247095688,1.8482440555946409,1.3335715720937569,-0.9907213690926541
84,0.29238771113457585,0.058111877779128684,0.1204250203983658,0.5319251923233342,-0.19147339257175525,0.07500883597655097,3.0878136947626245,-0.4363379161908381,1.824862023808425,1.3344845693054976,-0.8610528968419181
85,0.2923772533757423,0.05422292730494351,0.12844027536794675,0.43009760065746655,-0.19140991914492803,0.09181394841401776,3.1373117412306706,-0.43884225471472665,1.764044444459999,1.3553586128060449,-0.865434412393772
86,0.2923601791970616,0.04886937913524498,0.12506759923228075,0.49928713517141265,-0.19312556593689087,0.07884801988709765,3.192004323778551,-0.44249710573254064,1.881006799658957,1.3442599553346735,-0.8859771348503419
87,0.2923260503783736,0.05427119409575472,0.1252343507079585,0.512159410686236,-0.18756953742704247,0.07899096470343812,3.4377817989087625,-0.4338605715873614,2.0671394689780334,1.404110949094845,-0.9654974858254366
88,0.29232772303767196,0.05747129909401181,0.12996847380991788,0.5222278825439721,-0.19134682455137222,0.07312332456627442,3.455960346822415,-0.43266703062175155,1.9658875123782094,1.440012853111865,-0.9976667585956625
89,0.29229560589691683,0.06454244817757424,0.12827333442626468,0.5135800337794272,-0.18562275388647587,0.07572422924086354,3.56949887080725,-0.43550111098245237,2.1353205127096517,1.5526468283046162,-0.9547765942315775
90,0.29232897667879204,0.07094502597181722,0.13113168683865883,0.5805975854845428,-0.17362658867960598,0.07364288374155444,3.964134151442166,-0.43353834999536284,2.289312086396741,1.555712017079608,-1.0982421667571032
91,0.2923078135457213,0.06663987021992333,0.12571746133580672,0.5840035010734768,-0.18722689487594316,0.06472729111421303,3.7293091495113426,-0.4373445498106808,2.1500920999727815,1.5128774398733715,-1.172772151256798
92,0.2922793310641809,0.07114094888414918,0.1245599787442179,0.5412829245406225,-0.1893912440505149,0.0705858233304659,3.9768579985635877,-0.4358593449330966,2.4108356183566126,1.6462697333755225,-1.1919830710775428
93,0.29228989834035984,0.0748033105093111,0.12662176692100868,0.5671299775100032,-0.19919474618935198,0.058035782433408324,3.749837642279776,-0.43544466382139574,2.2438003498948182,1.5618614760012606,-1.0951631528768888
94,0.29227553069015527,0.07871603336812547,0.12418148203167194,0.567754493369804,-0.200080390270546,0.055391111624898084,4.318417697112669,-0.4335067940509976,2.5710665266031887,1.7418013328828112,-1.199471819864304
95,0.2922975945760675,0.08354774165955146,0.11835330318192488,0.5749140795452282,-0.19495357282538173,0.06215482883021129,4.261695788279954,-0.4411676843844194,2.6124209508666665,1.6448761299248817,-1.2979895771634506
96,0.2922750185943734,0.08356480637569329,0.12585164028216245,0.5303906622800826,-0.1833006030696721,0.07126582507216679,4.4364492971056215,-0.44413138860777296,2.702869157072256,1.745848195301914,-1.1661153136908868
97,0.29225782079015944,0.08031990217417255,0.12747805129414536,0.5419467064475327,-0.19019082469522197,0.06543352736383694,4.432646660498791,-0.43404119704966526,2.7213317416235636,1.7354099959928257,-1.103548878369289
98,0.2922633379597266,0.08496903399395452,0.13274750859234088,0.5225927782891273,-0.18512059084467578,0.069379228634168,4.740009588714152,-0.4283669209108346,2.857054146081543,1.829061813931035,-1.3035630963744118
99,0.2922453212160548,0.09857208488407958,0.1299048399175683,0.5506197626278393,-0.1833923390225364,0.0668527431155357,5.185848474733966,-0.4365807458356307,3.190444872515778,1.9708883174045,-1.3738987183802556
100,0.2922581656945374,0.09671188532779132,0.13192262272863106,0.5252091363167395,-0.1832311828495993,0.07152850936649378,5.0643332159244325,-0.43302709573796777,2.9828185314362363,1.8928177989977835,-1.4791200067620036
101,0.2922424718063483,0.09684301973598837,0.128221539231878,0.5802404195686579,-0.18015136883910102,0.06627102607875343,5.429875288005461,-0.432265503359713,3.211261465075243,2.035945062656087,-1.447016265120313
102,0.29224303687707887,0.10498141048537674,0.12400796044409147,0.4845385777409763,-0.18703237477546472,0.07231896519841521,5.677474166102471,-0.44807719037993177,3.323411099204291,2.1744847850689775,-1.528510350940888
103,0.2922356079710753,0.11619481017422276,0.12552447273180833,0.41901583965107986,-0.19747064944777232,0.07793697755635703,5.462275639429377,-0.4283731268862569,3.0953725684801277,2.119818681717535,-1.687999364390888
104,0.292225627604383,0.11811297373643019,0.1281274058867174,0.4219161215786607,-0.18875370170137243,0.08331276399361444,5.215348986892736,-0.4325444686103799,2.9931966500431906,2.072726548751015,-1.427166180792173
105,0.29223589719339904,0.11798327045197399,0.12726170412306967,0.45754146428125675,-0.1925604304209854,0.07376236365762309,5.28845564578014,-0.4403735704475401,2.857034901323066,2.040717963312648,-1.5282158435424338
106,0.29223986504058796,0.11730235500593846,0.13096047230798835,0.518399725246828,-0.1784341377044859,0.07264400300404802,6.142758490149281,-0.42978731471886567,3.3580634733389187,2.366374350308443,-1.7774367643590896
107,0.2922379607566928,0.11143766383659097,0.12766447146043275,0.5894266883172631,-0.1970160083887376,0.04780422347702229,6.5887770815841655,-0.4324628678386163,3.488717935149496,2.4928722771834484,-1.9053892469955847
108,0.29222010491353895,0.09732822307515382,0.1275972472211526,0.48454024977693866,-0.18298867770357385,0.07809366143305611,5.612065513366025,-0.4330233011812431,3.200645463618631,2.1813488660693694,-1.4055691716299485
109,0.29223249904894977,0.09100488777556348,0.1258866810494321,0.48334879868635744,-0.19080562805159051,0.07358351191888027,5.276558619091933,-0.4393167705310028,3.030883599868361,2.070113357676561,-1.3836748947959423
110,0.29221380885743375,0.09098309251622097,0.12923695318327047,0.5247619713651738,-0.18910229352861077,0.06534365167883029,5.626716402808681,-0.4343898745130709,3.2569903474798254,2.1913537488221615,-1.4399511194569128
111,0.2922164534943674,0.08525009745297629,0.12464843343532661,0.5032975269129062,-0.192355201203826,0.06765330838651186,5.445454425582832,-0.4409305354660914,3.0788392194455163,2.1638129821540417,-1.4111385299169432
112,0.2922208627879179,0.08167515479935572,0.12615386917089166,0.5091108970816873,-0.1967199491720862,0.062029161620571364,6.1094432790615,-0.4443611729855303,3.410164621434581,2.358547899607997,-1.3670889895935887
113,0.29221436479030055,0.08693982805951546,0.1265608607040905,0.5095430791233372,-0.18274689256231025,0.07285078040506272,6.13439062853392,-0.4385618573995145,3.419401503553533,2.3246436008667843,-1.4188352726902882
114,0.29221168306268414,0.08850748141258695,0.12713367168225814,0.485207937352546,-0.19660029464288875,0.06474335124952281,6.279499315492236,-0.4413878116764441,3.4339299471047258,2.3212830540437683,-1.4474054925733668
115,0.2922110083977792,0.08918600611020483,0.13050157009386326,0.4205252732347888,-0.18987920241948322,0.078850953775619,6.524074526094951,-0.4328622134175345,3.5521188262601244,2.5499914122791307,-1.4406789927131587
116,0.29220980549912845,0.0852477246310061,0.1275931672900863,0.4061675028131515,-0.19412337946129204,0.07893774154150066,6.3371663558495985,-0.4328250794845353,3.398423998798202,2.4505745676010755,-1.450543605966807
117,0.29220734343410637,0.08468517815580237,0.13091609748618344,0.40791765853574735,-0.19450792937513528,0.07798132736069538,6.6366131656547935,-0.4269357691992542,3.7038984612946315,2.5405910187496628,-1.4147143014584267
118,0.29220863498372324,0.07852595302174055,0.1265718405970768,0.42568184671497006,-0.19586610328196957,0.0764084980199998,6.0846456731093905,-0.43443340217975757,3.4894772097151145,2.3496147708763178,-1.2442972766957483
119,0.29220697512506216,0.07065277030652285,0.12585826831700647,0.46285509337040825,-0.18985403426601816,0.07354094136361015,6.378847759550804,-0.43788654780662406,3.394954012236456,2.4738463772956787,-1.4350822292084857
120,0.2922063565909299,0.06439501530548082,0.1258768899645206,0.49114094308355943,-0.19489073087409164,0.06682050552958373,6.751064324381871,-0.43625232659338653,3.8317775581244335,2.5311307720047633,-1.5116483196479436
121,0.29220450556561484,0.068508776721402,0.1293064245289029,0.41929791037120623,-0.19383542491940353,0.0765843067438305,6.959217002948162,-0.4352744864053262,3.738094005826591,2.668341302951187,-1.4282767101258338
122,0.29219795017488803,0.07616267160727785,0.12913056447105173,0.5399122207486863,-0.18873753295339116,0.06120085038064993,7.556501564983863,-0.43558274860448304,3.990478569013874,2.81537978499492,-1.592950723574108
123,0.29220246327319854,0.0709784576286088,0.12966853299428655,0.4819844961421034,-0.19085290989030398,0.06865912503465686,7.080980125463168,-0.43317566035465094,3.828823938080643,2.692952944303261,-1.4997834680985018
124,0.2921990319728843,0.07000273289025753,0.12502644977229943,0.466092857735362,-0.19408115984416482,0.06992017449874084,7.2149130812344975,-0.4410585815302331,4.056397523363109,2.6903411410638194,-1.4224483009451283
125,0.29219765580419765,0.06577775547709196,0.1257561389664103,0.48544557587800313,-0.1938319737234724,0.06744978890605362,7.140076212550514,-0.4387173535652676,3.983357221595975,2.6877922303568007,-1.4577211992442443
126,0.2921976683055908,0.06485253744447189,0.12864228313102163,0.4579007834547743,-0.19103390828336406,0.07253087448540564,7.222759554271158,-0.438338823811603,4.033964621943268,2.7625900024980035,-1.4926366368166126
127,0.2921956746620037,0.06580377021579042,0.12841429619203387,0.46738634132173207,-0.1938088294748726,0.06860474915271958,7.9786901136251,-0.4369216094045464,4.284788323432463,3.0245823727324304,-1.4547602275614635
128,0.29219864612422924,0.06913861997605401,0.13037140419632484,0.48513955434410866,-0.19237486697426168,0.06493056404082927,8.152577378612126,-0.43770866413696824,4.398500775270295,3.0139930781767688,-1.5464324989365241
129,0.2921996442690799,0.06564134379115591,0.12679395839421814,0.5352550975533433,-0.19324295946052625,0.05858827559159245,7.929278810967734,-0.4419597746516617,4.330251640482255,2.9590088313596095,-1.50408847122031
130,0.29219401821175567,0.06191660942874037,0.12761210351351387,0.48479945716488587,-0.191551249764296,0.06838431964267039,7.626488354643872,-0.43817432787195115,4.295701598591384,2.8770964345431604,-1.4035092427271207
131,0.2921936193605206,0.054375923145325133,0.1291113850579504,0.4232482704105167,-0.19630512204554265,0.0735185170135654,7.770504705989057,-0.433682394541437,4.237933150805529,2.9358013540021815,-1.4391421074944009
132,0.2921943654347104,0.05509369383985879,0.12821810478994292,0.4767454881390264,-0.18784128288514834,0.07081323613160953,8.644126982993223,-0.437952936753175,4.691994943047732,3.2187314792568604,-1.4609358913304795
133,0.29219234016939255,0.0513765498346312,0.12700892745882594,0.45610426110183355,-0.19109250455988597,0.07354501923147372,7.885718363336998,-0.4371505306644189,4.233779652867483,2.981456984574495,-1.4197235936764643
134,0.2921924372454774,0.0466762010357775,0.12728249451666568,0.48209949117080136,-0.19362910471212483,0.0664693171200364,7.961853778354971,-0.4386971183591169,4.342906808848249,2.984165474615063,-1.4656733495092693
135,0.2921896548867462,0.04412399332054034,0.12758439028152554,0.45765884264406137,-0.1971732493075128,0.06741570142872053,8.062136549803254,-0.43807315036430544,4.37579453768972,3.014433459308807,-1.490415505573205
136,0.2921913898656839,0.045884758858958284,0.12634527754444436,0.47187116669945534,-0.19694274474166917,0.06494605742097952,8.614371393163081,-0.4387447728174847,4.541403562909145,3.247125872907668,-1.570868321563821
137,0.2921919515042457,0.05057043202263635,0.12612454261993772,0.4528546587484007,-0.1968629836383292,0.06797588948915984,8.748095807664116,-0.4407899896545126,4.691804344542435,3.2718379107695634,-1.636385294851252
138,0.29219223501296043,0.055354120525465886,0.12719881194656368,0.46584037587816907,-0.1927595822529563,0.07001929721246433,7.88862252128655,-0.4354056336549931,4.3122098459909015,2.9868072480161563,-1.5046175999344644
139,0.2921929817256281,0.051881781921044264,0.1279534568543455,0.43156520975634755,-0.19374907692389484,0.07474997035454663,8.051327345112192,-0.4351051450371936,4.356909503728552,3.0367584768423574,-1.532997626962361
140,0.2921920049221833,0.05046667998634626,0.12875621044084135,0.47069018967202797,-0.1909628289861006,0.0707267916222758,8.308917202090027,-0.43452207835690676,4.5344230726113635,3.080265287802983,-1.5595217606722307
141,0.2921916007763543,0.04848256379249668,0.1277671353482889,0.44306232935297046,-0.19302707317054998,0.0729191190618763,8.662977489275514,-0.43702417638450697,4.5216529947274315,3.244081955914603,-1.5782805020214947
142,0.29218904034456367,0.04878641056923387,0.1287346608797235,0.41346069211189357,-0.19630540444950628,0.07527315517606104,8.436670351788951,-0.43483026190543256,4.44171012751661,3.1544338366675526,-1.560657891230861
143,0.2921935277882345,0.048726746483616856,0.12694775165266536,0.45538076412994394,-0.19195755581336582,0.07321190386320522,8.408488269961627,-0.43481928535750786,4.515183141350017,3.1100731726011532,-1.5346913219748852
144,0.29219186929944424,0.05196228665144297,0.12783273965235598,0.419960490969101,-0.19356050022546228,0.07676667703579398,8.700916270007482,-0.43548804058763085,4.655964112192617,3.2214331960101203,-1.5587158534720387
145,0.29219411648433224,0.0568135841703883,0.12765590247487685,0.5002372924198091,-0.19054230253939847,0.06628902678581836,8.833390127907693,-0.4379073283538401,4.538609311937151,3.2362158660639424,-1.5747105719053325
146,0.2921915802730643,0.05692923435700801,0.1280451128751855,0.4923416157809029,-0.18983824285580092,0.0672273832147452,9.252438866485322,-0.43858972433658316,4.70581361759561,3.442049585074264,-1.5529035070865431
147,0.2921919798806163,0.05341136884460957,0.1282573182855776,0.43659511564993464,-0.1973308724699612,0.07059804682098073,8.64753792778642,-0.43199122432364145,4.500221908594683,3.2445106593096797,-1.5467839804650063
148,0.2921911087089451,0.05242880363121811,0.12612292248472623,0.5054057325759128,-0.19147053127288188,0.06402679261980533,9.106496042868615,-0.4403086228007073,4.564696267380669,3.411413185394217,-1.569036558143545
149,0.292188765745124,0.046835539510755544,0.1275852630408545,0.49369915938838393,-0.19030473805221634,0.0664461575949352,9.09132630312706,-0.43883226594864966,4.632174064182812,3.3967401761536924,-1.505628754998551
150,0.2921880955485051,0.0428209299098934,0.12728498142903794,0.481702358639619,-0.1906727057180295,0.06886832826340201,8.86798972049785,-0.43625645397721163,4.604056826456234,3.3303044973974396,-1.5624716444530558
151,0.2921907393389721,0.04026682588435449,0.12814727996049324,0.46112042665111275,-0.18938766427374548,0.07319022451217283,8.578089700357868,-0.43541793385384087,4.494960919829316,3.236780529425816,-1.6008897971279692
152,0.2921875881366764,0.0386779847187827,0.12748918588090888,0.4791825446904328,-0.18950495904735873,0.07022698105126836,8.937728930007847,-0.4375720964671926,4.533691627424814,3.33880758311947,-1.5253757220675843
153,0.29219008341281716,0.037800490447448744,0.12816664321248533,0.4698245037410619,-0.19021144401793685,0.07051268364017688,9.164209613299494,-0.43637318044754897,4.712342829186418,3.42305458651338,-1.5592058514473486
154,0.2921875960091672,0.038544016835842305,0.12770907783707633,0.4648929334262851,-0.18958657602791668,0.07217569166987152,8.819814003195518,-0.43477724657620287,4.507616360428176,3.354606208929664,-1.4805353315298677
155,0.29218905060510797,0.039973220637201115,0.12702646465398404,0.46279005968569703,-0.1928982782302247,0.07012786338749794,9.151339334140857,-0.4367747697913617,4.660502283562416,3.433555955701987,-1.5681436035865726
156,0.292189010841892,0.03506817291668586,0.1280378551943639,0.4704052166366717,-0.19143900613838533,0.06955119842851885,9.223563344251275,-0.4365661375514316,4.692422837418045,3.4413945911520485,-1.5678502679722677
157,0.29218768098706116,0.031908769557707196,0.12767082521033696,0.47472101128670097,-0.1887221199901594,0.07091361387213024,9.084780997526325,-0.43712849253299024,4.605018504137941,3.42956246158363,-1.5964553863298785
158,0.29218839496042437,0.030910458826543752,0.12767211780796475,0.45899135806089836,-0.18960180592546613,0.07362539680010603,8.473653846968432,-0.43515108791205465,4.423187481483841,3.21767835615783,-1.4901395354256517
159,0.29219056948334576,0.027659383338819975,0.12804151887271506,0.4501382508253775,-0.19112596758967199,0.07317933852694591,8.850774066662977,-0.4349704085468087,4.544949781548289,3.367696150999894,-1.5285542353346293
160,0.2921908166463845,0.023633040982372868,0.12823128466925077,0.4623897435318235,-0.19031606976941082,0.07169006514718325,8.87452448845506,-0.4361445703365776,4.577058644620335,3.352417071000582,-1.5438965332258863
161,0.2921870586321428,0.022210679334557497,0.12796428183197775,0.46686664731996436,-0.1892975485543316,0.07197124120121175,8.96579956472927,-0.4367257821421376,4.6179965632162645,3.3600854197796677,-1.5592784680448857
162,0.29218957988247163,0.021158244429356248,0.12860597678096428,0.4586408926911688,-0.19110615358238836,0.0717784830870784,8.900615039701346,-0.4346741130236685,4.552808128687868,3.3650322539922217,-1.564235210273092
163,0.29218845826261314,0.021390675380540278,0.12763484497759442,0.46240330332678437,-0.18986336180919908,0.0724368214265108,8.989385318727173,-0.4359770114494681,4.575223212927276,3.3941979630775667,-1.5559716212907693
164,0.2921873804204099,0.023216500826849982,0.12782799439107925,0.47586787010109644,-0.1901108632212714,0.07005383537132014,9.072223969251976,-0.43621473000962335,4.593485506288126,3.398989673448383,-1.6335092437612517
165,0.29218760921161185,0.022130354466677105,0.12802815443619106,0.465117525567865,-0.1894835372436415,0.07212477342498287,8.96992216265812,-0.43646740379986065,4.5616601340355,3.3817707769785224,-1.6059330341657927
166,0.2921889927713444,0.02242591414874703,0.12788293769102937,0.45622812011178787,-0.19166197974902735,0.07180304221625303,9.266994698914255,-0.4362900760858557,4.699362189686685,3.486618451518218,-1.612399073059903
167,0.2921903106059105,0.022862435485123744,0.12810568080072268,0.45594695109550354,-0.1907764452016472,0.072534578773969,9.118979337030162,-0.43564556287511086,4.658167458744476,3.434618612374656,-1.605367176383948
168,0.2921887338783552,0.023412960982467427,0.12766949470438146,0.4696557399065593,-0.19125415676325025,0.06982077931683295,9.086332084187983,-0.43640532502895796,4.6568767407411995,3.4194360018395664,-1.6711820564136366
169,0.2921885867992783,0.02150521206272739,0.1278385574437718,0.460442297610233,-0.19158495793601765,0.07124978001034304,9.030470087287872,-0.436158868973305,4.6177110066359655,3.3884555286678273,-1.6334643694052182
170,0.2921887214306088,0.020379836046683357,0.12770930785176662,0.45520047747062975,-0.19115441741584813,0.07232433083813812,9.11973650282058,-0.4364440812842061,4.663920791710897,3.433027996825752,-1.6251463511811428
171,0.2921884561066665,0.019668876259829812,0.1274409663489027,0.45594257166516583,-0.19095941483455753,0.07230634424678895,9.076613469902531,-0.43663728945496305,4.643435095415604,3.42828821461499,-1.615043951843648
172,0.2921886845115318,0.019763120521778487,0.12752461545412702,0.4773208727585385,-0.1909754292171916,0.06875387644598767,9.049453242816906,-0.43698393389779344,4.586328495209745,3.4171826595451713,-1.6153187500538628
173,0.2921902465351285,0.019897991927133568,0.12729079523387124,0.4608495244759746,-0.190510442396577,0.07187820715912006,9.072976029450423,-0.43708012394553436,4.623045472598562,3.4275387169792526,-1.620069623430078
174,0.2921865755275173,0.019522592749990367,0.12801038152620467,0.47513127189301074,-0.18950094203799875,0.07009507880728073,8.914545028610265,-0.4366583100406895,4.5404472405816465,3.38129394605822,-1.6543947417428646
175,0.2921888382838176,0.021242870664727628,0.1279470258075003,0.46801598179618453,-0.19077355779989316,0.07037358136315595,9.000332698209368,-0.4370047607729513,4.561872527637695,3.4048951892978847,-1.6545258487896148
176,0.29218925890079694,0.02466758504931586,0.12815173475241057,0.47825386100597983,-0.19067413460121752,0.0686545521449053,9.17247854181167,-0.4368118556020997,4.608698105017402,3.468551367745406,-1.7381941149907087
177,0.29218923554666126,0.027831098254044118,0.12841344225075263,0.47352445292126516,-0.1910998673677417,0.06928264060982549,8.986573350253597,-0.43553764884134843,4.5262223071130085,3.416350421735973,-1.6909714707024175
178,0.2921872169830296,0.02636918439787597,0.12833048624528037,0.461936899644978,-0.1890264971921164,0.07251587040496181,8.883318559559338,-0.43597441478272303,4.4848424393718025,3.3644046819160374,-1.6412070044995
179,0.29219007703823,0.02444379619858943,0.12737908378742213,0.46494985230436087,-0.19140948811397904,0.07053151606224471,9.04949787856884,-0.43680534555537076,4.602065097665541,3.437763257202974,-1.595221234936635
180,0.29218880951133447,0.02158071454187489,0.12756063779933913,0.45835062809726146,-0.19057483836854758,0.07202503998090265,9.172013536996202,-0.4368532041962626,4.652092154422501,3.468185594535635,-1.6461844915085149
181,0.2921879960595244,0.02075728963046657,0.12744061810148796,0.4708113719844707,-0.19107284824009865,0.06975148472020141,9.244112692043112,-0.4373149936672226,4.672382173121598,3.474962275302989,-1.667145227133327
182,0.2921905082953705,0.020129264160415376,0.12735479946285835,0.4696272375752023,-0.19072779542618515,0.07026758210235529,9.204316234883308,-0.4368873944799522,4.64465110121294,3.4761961708738163,-1.655325176643014
183,0.2921889218277182,0.02044523776285011,0.12799732521786528,0.45927621819671643,-0.19115943337828165,0.07162069024241265,9.154432229247464,-0.4352130189591814,4.685420612537795,3.456944175801485,-1.6255882308805134
184,0.2921870693129324,0.021129150770880987,0.12737640330594432,0.45262685223420207,-0.1904423213206586,0.07330796817620872,9.078918489065755,-0.4363615233880303,4.595510971064638,3.4277952175389768,-1.6390019878109177
185,0.29218956007454217,0.02219492415511704,0.12767792745087675,0.4605276206425915,-0.19028156225576792,0.0721400412374042,8.95533654741146,-0.43634491352132404,4.572363550640341,3.3904477857275617,-1.6396375315729255
186,0.29218877456423104,0.022695981408249296,0.12714167800107365,0.4679833159553058,-0.19176917311230599,0.06980466669394941,9.31503195047313,-0.4376427081470524,4.646353344483237,3.50955702379886,-1.638908521380459
187,0.2921895520858171,0.02108434622734688,0.12698506759402575,0.4657709249597431,-0.19129261210556267,0.07066692890435988,9.16808779016732,-0.4377282086194685,4.631232065776544,3.4500904771741774,-1.6624191785863072
188,0.2921885416065211,0.020975134892617014,0.12748342644605573,0.46466487168802834,-0.1917058847054046,0.07044515463698885,9.18859281972692,-0.43697333056165744,4.625859027456974,3.4621814036622443,-1.6611478744803387
189,0.29218832898096053,0.019580895727967392,0.12765371248741716,0.468943149500215,-0.19119506921098373,0.06995337967670198,9.179385830428052,-0.43729422552484487,4.652944567008305,3.4512741885656695,-1.6541730544842599
190,0.2921885863739753,0.017587911164519788,0.12744067916391064,0.4620300326008387,-0.19155160201565055,0.0709688714058737,9.22312986032548,-0.43716126489528373,4.678666258386648,3.468231850748079,-1.6475293227783794
191,0.2921868565810425,0.0181711823043912,0.1278763030688141,0.4621242702989711,-0.19024140944601686,0.07180226507309152,9.038074152827848,-0.43628699539482546,4.616204238917191,3.416453654189572,-1.6116866836251167
192,0.29218817357340665,0.01786269312495126,0.1275097351101267,0.4554424582660364,-0.19085181982430172,0.07245572436972544,9.012108311824386,-0.43643068193364154,4.620099190832491,3.414084269862301,-1.5753338707442834
193,0.29218907151673357,0.01703094202188284,0.12767839232438294,0.4608872516621642,-0.1916008929855024,0.07109331643289894,9.200666287270039,-0.43670975612096613,4.686833884467618,3.4765601177498846,-1.6292026344860517
194,0.2921887704530637,0.015682562239331437,0.1273256798314897,0.4693479569357985,-0.19173253131748452,0.06961396892136826,9.194185321294718,-0.4370325579365684,4.66671632489856,3.4651736175568857,-1.634076691826503
195,0.29218821187193456,0.014416192604627915,0.12731289794412282,0.46608720429444883,-0.19130019686379535,0.07043778041844154,9.120108148209079,-0.436946484019257,4.625194902446183,3.44166966734821,-1.6249387572761844
196,0.2921885896850364,0.013946946393487114,0.12737262344957115,0.47382724979099144,-0.19178984972688315,0.06891079998732137,9.167149223943591,-0.4371250058158155,4.642132429518538,3.447058080388756,-1.6297386943390115
197,0.29218864497189767,0.0125316276138893,0.12742222338458392,0.46706409695854206,-0.1916082138279351,0.07006997998420113,9.098880980370962,-0.43733308822819633,4.634516730832791,3.429550686120537,-1.6322310628818535
198,0.29218851649751537,0.01076736812981701,0.1275324202479908,0.4677920217277577,-0.19138540103677915,0.07009994939258338,9.18112335856991,-0.4369321541707418,4.663644324804703,3.4577465046397013,-1.6340905607401788
199,0.2921887143137708,0.011440919081142358,0.1276025894540583,0.46405022721481776,-0.19176886313261043,0.07051629878619382,9.16054998229097,-0.4362990185097317,4.673049610825231,3.4522063699397227,-1.6015707234261594
200,0.29218819522555395,0.01220632109724367,0.1271887381870332,0.46378180500290594,-0.19165881833713996,0.0706461997038214,9.182601864106804,-0.43743444381296603,4.683096626008163,3.4502294120874137,-1.6150032555222131
201,0.29218837775176926,0.01505651772524012,0.12726289542126568,0.4668412750687027,-0.1921548433352664,0.069874802486318,9.269856841663312,-0.43757586305995405,4.710733537796607,3.464670944149393,-1.629564152991132
202,0.29218828741391634,0.01721897417756844,0.12730371512229927,0.46125244511710567,-0.1923544592575807,0.07062114783388174,9.263122452566163,-0.43683366261748857,4.72087844711062,3.476642338759364,-1.6022988844489272
203,0.29218784340526927,0.01610980725498049,0.1272256757707949,0.46321418609201204,-0.19248355628481767,0.07023737125352325,9.275203522328452,-0.4374028724660877,4.7152031585403025,3.4752074818319896,-1.6082129338902915
204,0.2921874168163482,0.015169540634466504,0.1272616819465974,0.4670524126038474,-0.19239477033363622,0.06972641964429492,9.275784077078116,-0.4370620349855898,4.717655871210411,3.4765286064589436,-1.6236525513157352
205,0.2921884786779264,0.014486335697488542,0.1270027874814901,0.4677466298046188,-0.19256477115593656,0.06952793387819238,9.232253955207362,-0.4374287351746859,4.707788329905721,3.460467323528952,-1.6217889792111453
206,0.2921879971427707,0.012988205700720346,0.12752393336434467,0.4648320089308495,-0.19223470236068985,0.07009051749458363,9.227532015130459,-0.4365084010332495,4.71297427720533,3.4622587795408752,-1.5883890803462457
207,0.29218777275070673,0.014143939939168366,0.12735413465800846,0.4689203778949096,-0.19245379976948274,0.06939479322275942,9.192881497238838,-0.4363561412561145,4.683598988565395,3.453851191688759,-1.5966344287931198
208,0.2921881250544365,0.014317748634534541,0.12713548112233763,0.4716984677469591,-0.19266941773893073,0.06882846654074677,9.21828953324108,-0.4368472076610882,4.693595143192954,3.4560810263602333,-1.6300650206161613
209,0.2921891996272906,0.013601796709572152,0.12724829729576545,0.472361193708262,-0.19210131253394888,0.06898789380829386,9.185071882900736,-0.43688101439765303,4.674652990570168,3.453718235348555,-1.6420996148208613
210,0.29218764329025276,0.011846422182236005,0.12733996474208997,0.4689856589780943,-0.1923699517885016,0.069436247374953,9.161280920887688,-0.43697284920948304,4.686508742385066,3.4327327142142687,-1.611155196054879
211,0.2921879835859227,0.010660003621871106,0.1272091013041433,0.46986338947956147,-0.1921465168800256,0.06938300457043163,9.269098604531557,-0.4368273719145633,4.707249767314472,3.4764894297044466,-1.6208280583305694
212,0.29218843204821027,0.010036401076822877,0.12694583850554542,0.47606703278664275,-0.1926006785604634,0.06814106758509758,9.263944019867889,-0.4377660331847889,4.702804391309616,3.4678928395106072,-1.6483857333942797
213,0.2921877286838317,0.010381170922266203,0.12728739685973614,0.4722908499015166,-0.19225776313545898,0.06894102428650042,9.198773789843017,-0.4370433844126882,4.70031314901416,3.449468901425155,-1.6374797542355113
214,0.2921876342777372,0.012160952438236889,0.12707162822827495,0.4724367278944502,-0.19282644410884814,0.06863982517555008,9.216738889811495,-0.4374002004280353,4.709475218035817,3.447009806757912,-1.635025849244699
215,0.29218900986671914,0.01277647626568304,0.1274734818048701,0.4692670946980841,-0.19254190327951826,0.06928681945447893,9.122867303798015,-0.43649076554030614,4.7012558580670385,3.423390255730121,-1.6123804474599404
216,0.29218776595679063,0.013810349687053088,0.12749081425748165,0.46759028471180397,-0.19249500013043022,0.06959002897096483,9.189212323716145,-0.4368015294350733,4.704156232936253,3.4481077840181262,-1.619682049350028
217,0.2921878973693937,0.014289164951475591,0.1271970225928299,0.4674650513589863,-0.19226815680127599,0.0697353465646767,9.183069165632157,-0.4376488375712714,4.710256069256289,3.439890604519445,-1.6327040033158713
218,0.29218802628835816,0.01425218018728828,0.12722733756276544,0.4688787934877358,-0.19243134728875916,0.06940750786832207,9.192404706566702,-0.4369155303012613,4.68551274579662,3.4597777470226116,-1.6397348016057895
219,0.29218781584693204,0.015203760713987333,0.12741056677974752,0.4666717755078346,-0.19258946574198332,0.06970562736831003,9.142377342616125,-0.43662306907846116,4.69146654925822,3.4308650234998486,-1.6195088748506432
220,0.29218856507486285,0.015375718015210873,0.127444220743216,0.46760753090902424,-0.1925173937765769,0.06957702396850243,9.081350212679148,-0.4367593128481911,4.681352036232416,3.426780587109777,-1.635783878965372
221,0.2921878440809903,0.015886173762342828,0.1272315836615526,0.46386514628993386,-0.1928415956947298,0.07002943561518882,9.26863069500344,-0.4370273473370499,4.75670366707205,3.4690056543540084,-1.6230714506151653
222,0.2921887948314272,0.015119832346998804,0.1270423863718348,0.46978862892421325,-0.19289658036381938,0.0690304420703798,9.154979828055533,-0.43729618236587897,4.702436440182339,3.4375387893788476,-1.6399952634291257
223,0.2921882623141808,0.01664090240215884,0.12685392483410418,0.4715853281280589,-0.19292822329523496,0.06871235378903381,9.264016010462448,-0.4376415286887846,4.7360019467152314,3.47677989280026,-1.6857070287514195
224,0.29218856859850245,0.01787642849824149,0.12683134263437018,0.47195623134388,-0.19329506926632262,0.06847292474233789,9.26076706361936,-0.4375057183777392,4.767009384028882,3.461604805819058,-1.6670857431520618
225,0.2921883405154754,0.0181601980112362,0.1270553859101151,0.46203398501189213,-0.19310504953665042,0.07014035425171655,9.24688303880478,-0.4371340289193951,4.75382022184523,3.46588896261672,-1.6568369519475041
226,0.29218830186446454,0.018402160924416464,0.1268978328273692,0.4652517179766282,-0.19349691955489978,0.06946931487079719,9.30694702811719,-0.4370906189067725,4.790526848475852,3.4864026850893475,-1.671196846656924
227,0.29218843096953484,0.01680320240277887,0.12693265103696166,0.47245185630363123,-0.19327394674096623,0.06833707815612895,9.252639235501722,-0.43754176838559256,4.742249522291778,3.4632164920476898,-1.667732220880798
